Key,en,zh-Hans,zh-Hant,de,es,fr,hu,ja,ko,ru,pt-br,uk,it,th,tr,sv,sk
MainMenu.TabHeaderLable.Editor,Editor,编辑器,編輯器,Editor,Editor,Éditeur,Szerkesztő,エディター,편집기,Редактор,Editor,редактор,Editore,Editor,Editör,Redaktör,redaktor
MainMenu.Editor.CharacterPopup.DeleteCharacterPrompt,"Are you sure you want to delete character ""{0}""? This action cannot be undone.",您确定要删除角色“{0}”吗？此操作不可撤销。,您確定要刪除角色“{0}”嗎？此操作無法復原。,"Bist du sicher, dass du den Charakter „{0}“ löschen möchtest? Diese Aktion kann nicht rückgängig gemacht werden.","¿Confirmas que quieres eliminar el personaje ""{0}""? Esta acción no se puede deshacer.","Êtes-vous sûr de vouloir supprimer le personnage ""{0}"" ? Cette action ne peut pas être annulée.","Biztosan törölni szeretné a(z) ""{0}"" karaktert? Ez a művelet nem vonható vissza.",キャラクター「{0}」を削除しますか？この操作は元に戻せません。,"""{0}"" 캐릭터를 삭제하시겠습니까? 이 작업은 되돌릴 수 없습니다.","Вы уверены, что хотите удалить символ ""{0}""? Это действие невозможно отменить.","Você tem certeza que quer excluir o personagem ""{0}""? Essa ação não pode ser desfeita.","Ви впевнені, що бажаєте видалити символ ""{0}""? Цю дію не можна скасувати.","Sei sicuro di voler eliminare il carattere ""{0}""? Questa azione non può essere annullata.","คุณแน่ใจหรือไม่ว่าต้องการลบตัวละคร ""{0}""? การกระทำนี้จะไม่สามารถย้อนกลับมาแก้ไขได้","""{{0}“ isimli karakteri silmek istediğinizden emin misiniz? Bu karar geri alınamaz.","Är du säker på att du vill ta bort tecknet ""{0}""? Denna åtgärd kan inte ångras.",Naozaj chcete odstrániť znak „{0}“? Túto akciu nie je možné vrátiť späť.
MainMenu.Editor.CharacterPopup.OverwriteCharacterPrompt,"Character ""{0}"" already exist. Are you sure you want to overwrite character ""{0}""? This action cannot be undone.",角色“{0}”已存在。您确定要覆盖角色“{0}”吗？此操作不可撤销。,角色“{0}”已存在。您確定要覆蓋角色“{0}”嗎？此操作無法復原。,"Der Charakter „{0}“ ist bereits vorhanden. Bist du sicher, dass du den Charakter „{0}“ überschreiben möchtest? Diese Aktion kann nicht rückgängig gemacht werden.","El personaje ""{0}"" ya existe. ¿Quieres sobreescribir el personaje ""{0}""? Esta acción no se puede deshacer.","Le personnage ""{0}"" existe déjà. Êtes-vous sûr de vouloir remplacer le personnage « {0} » ? Cette action ne peut pas être annulée.","A(z) ""{0}"" karakter már létezik. Biztosan felül szeretné írni a(z) ""{0}"" karaktert? Ez a művelet nem vonható vissza.",キャラクター「{0}」はすでに存在します。キャラクター「{0}」を上書きしますか？この操作は元に戻せません。,"캐릭터 ""{0}""이(가) 이미 존재합니다. ""{0}"" 캐릭터를 덮어쓰시겠습니까? 이 작업은 되돌릴 수 없습니다.","Персонаж ""{0}"" уже существует. Вы уверены, что хотите перезаписать символ ""{0}""? Это действие невозможно отменить.","O personagem ""{0}"" já existe. Você tem certeza que quer sobrescrever o personagem ""{0}""? Essa ação não poderá ser desfeita.","Символ ""{0}"" уже існує. Ви впевнені, що бажаєте перезаписати символ ""{0}""? Цю дію не можна скасувати.","Il carattere ""{0}"" esiste già. Sei sicuro di voler sovrascrivere il carattere ""{0}""? Questa azione non può essere annullata.","คุณมีตัวละคร ""{0}"" อยู่แล้ว คุณแน่ใจหรือไม่ว่า ต้องการบันทึกทับตัวละคร ""{0}""? การกระทำนี้ไม่สามารถย้อนกลับมาแก้ไขได้","""{0}“ İsimli karakter halihazırda mevcut. „{0}“ isimli karakterin üstüne yazmak istediğinizden emin misiniz? Bu karar geri alınamaz.","Tecknet ""{0}"" finns redan. Är du säker på att du vill skriva över tecknet ""{0}""? Denna åtgärd kan inte ångras.",Znak „{0}“ už existuje. Naozaj chcete prepísať znak „{0}“? Túto akciu nie je možné vrátiť späť.
MainMenu.Confirm,Confirm,确认,確認,Bestätigen,Confirmar,Confirmer,Erősítse meg,確認,확인,Подтверждать,Confirmar,Підтвердити,Confermare,ยืนยัน,Onayla,Bekräfta,Potvrďte
MainMenu.Cancel,Cancel,取消,取消,Abbrechen,Cancelar,Annuler,Mégse,キャンセル,취소,Отмена,Cancelar,Скасувати,Cancellare,ยกเลิก,İptal et,Avboka,Zrušiť
MainMenu.Editor.CharacterPopup.SaveCharacterPrompt,Please enter a character name:,请输入角色名：,請輸入角色名：,Bitte gib einen Charakternamen ein:,Por favor ingresa el nombre del personaje:,Veuillez saisir un nom de personnage :,"Kérjük, írjon be egy karakternevet:",キャラクター名を入力してください,캐릭터 이름을 입력해주세요:,"Пожалуйста, введите имя персонажа:",Por favor coloque um nome para o personagem:,"Будь ласка, введіть ім'я персонажа:",Inserisci il nome del personaggio:,โปรดป้อนชื่อตัวละคร:,Lütfen bir karakter ismi giriniz.,Vänligen ange ett teckennamn:,Zadajte názov postavy:
MainMenu.Editor.Model,Models,模型,模型,Modelle,Modelos,Modèles,Modellek,モデル,모델,Модели,Modelos,Моделі,Modelli,โมเดล,Modeller,Modeller,Modelky
MainMenu.Editor.Character,Character,角色,角色,Charakter,Personaje,Personnage,Karakter,キャラクター,캐릭터,Характер,Personagem,персонаж,Carattere,ตัวละคร,Karakter,Karaktär,Charakter
MainMenu.Editor.Animation,Animation,动画,動畫,Animation,Animación,Animation,Animáció,アニメーション,애니메이션,Анимация,Animação,Анімація,Animazione,แอนิเมชัน,Animasyon,Animation,Animácia
MainMenu.Editor.PartsSelection,Choose Parts,部件选择,部件選擇,Teile auswählen,Elije las partes,Choisir des Parties,Válassza az Alkatrészek lehetőséget,パーツ選択,파츠 선택,Выберите детали,Escolha partes,Виберіть частини,Scegli Parti,เลือกชิ้นส่วน,Bölüm Seç,Välj delar,Vyberte Časti
MainMenu.Editor.PartsAdjustment,Adjustment,部件调整,部件調整,Einstellung,Ajustes,Ajustements,Beállítás,調整,세부 조정,Корректирование,Ajuste,коригування,Regolazione,การแก้ไข,Düzenleme,Justering,Úprava
MainMenu.Search,Search...,搜索……,搜尋……,Suchen...,Buscar...,Recherche...,Keresés...,検索…,검색...,Поиск...,Pesquisar...,пошук...,Ricerca...,ค้นหา...,Ara...,Söka...,Hľadať...
MainMenu.Editor.SaveCharacter,Save Character,保存角色,儲存角色,Charakter speichern,Guardar personaje,Enregistrer le Personnage,Karakter mentése,キャラクターを保存,캐릭터 저장,Сохранить персонажа,Salvar personagem,Зберегти символ,Salva personaggio,บันทึกตัวละคร,Karakteri Kaydet,Spara tecken,Uložiť znak
MainMenu.Editor.Unload,Clear Character,重置角色,重置角色,Charakter zurücksetzen,Limpiar personaje,Réinitialiser le Personnage,Tiszta karakter,キャラクターを初期化,캐릭터 초기화,Ясный характер,Limpar personagem,Чіткий характер,Carattere chiaro,ล้างตัวละคร,Karakteri Sıfırla,Tydlig karaktär,Jasný charakter
MainMenu.Editor.DeleteCharacter,Delete Character,删除角色,刪除角色,Charakter löschen,Eliminar personaje,Supprimer le Personnage,Karakter törlése,キャラクターを削除,캐릭터 삭제,Удалить персонажа,Deletar personagem,Видалити символ,Elimina carattere,ลบตัวละคร,Karakteri Sil,Ta bort tecken,Odstrániť znak
MainMenu.Editor.UseCustomTextures,Use Custom Textures,使用自定义贴图,使用自訂貼圖,Benutzerdefinierte Texturen verwenden,Utilizar texturas personalizadas,Utiliser des Textures Personnalisées,Egyéni textúrák használata,カスタムテクスチャを使用,사용자 정의 텍스처 사용,Используйте пользовательские текстуры,Usar Texturas Customizadas,Використовуйте спеціальні текстури,Usa texture personalizzate,ใช้ Custom Texture,Özel Doku Kullan,Använd anpassade texturer,Použite vlastné textúry
MainMenu.Editor.ReloadTextures,Reload Textures,重新加载贴图,重新載入貼圖,Texturen neu laden,Recargar texturas,Recharger les Textures,Textúrák újratöltése,テクスチャを再読み込み,텍스처 다시 불러오기,Перезагрузить текстуры,Recarregar Texturas,Перезавантажити текстури,Ricarica le texture,โหลด Texture ใหม่,Dokuları Yinele,Ladda om texturer,Znovu načítať textúry
MainMenu.Editor.OpenCustomTextureFolder,Open Custom Texture Folder,打开自定义贴图文件夹,開啟自訂貼圖資料夾,Ordner für benutzerdefinierte Texturen öffnen,Abrir carpeta de texturas personalizada,Ouvrir le Dossier des Textures Personnalisées,Nyissa meg az Egyéni textúra mappát,カスタムテクスチャフォルダを開く,사용자 정의 텍스처 폴더 열기,Открыть папку с пользовательскими текстурами,Abrir Pasta Com Texturas Customizadas,Відкрийте папку Custom Texture,Apri la cartella Texture personalizzata,เปิดโฟลเดอร์ Custom Texture,Özel Doku Klasörünü Aç,Öppna anpassad texturmapp,Otvorte priečinok Vlastná textúra
MainMenu.Editor.Color,Color,颜色,顏色,Farbe,Color,Couleur,Szín,色,색상,Цвет,Cor,Колір,Colore,สี,Renk,Färg,Farba
MainMenu.Editor.TintColor,TintColor,浅色,淺色,Tönungsfarbe,TintedeColor,TeinteCouleur,TintColor,色合い,바탕 색상,ОттенокЦвет,CorDaMatiz,TintColor,TintaColore,สีย้อม,Ana Renk,TintColor,TintColor
MainMenu.Editor.TintBlackColor,TintBlackColor,深色,深色,Dunkle Tönungsfarbe,TinteColorNegro,TeinteNoireCouleur,TintBlackColor,黒の色合い,선화 색상,ОттенокЧерныйЦвет,CorDaMatizPreto,TintBlackColor,TintaNeroColore,สีย้อมดำ,Alt Renk,NyansSvartFärg,TintBlackColor
MainMenu.Editor.LICENSE,LICENSE,使用条款,使用條款,LIZENZ,LICENCIA,LICENCE,ENGEDÉLY,ライセンス,라이선스,ЛИЦЕНЗИЯ,LICENÇA,ЛІЦЕНЗІЯ,LICENZA,ใบอนุญาตซอฟต์แวร์ (LICENSE),LİSANS,LICENS,LICENCIA
MainMenu.Editor.AssetTypeAA,Built-in,内置,內建模型,Standard-Assets,Texturas Predeterminadas,Actifs par Défaut,Alapértelmezett eszközök,標準アセット,기본 에셋,Активы по умолчанию,Assets Padrão,Активи за замовчуванням,Asset predefiniti,Default Assets,Standart İçerikler,Standardtillgångar,Vstavaný
MainMenu.Editor.AssetTypeSA,Third-Party,第三方,第三方模型,Drittanbieter-Assets,Texturas de Terceros,Assets Applications Tierces,Harmadik féltől származó eszközök,外部アセット,외부 에셋,Сторонние активы,Assets de Terceiros,Активи третіх сторін,Beni di terzi,Asset ของบุคคลที่สาม,Üçüncü Parti İçerikler,Tredjepartstillgångar,Tretia strana
MainMenu.Editor.UnloadCurrentModel,Unload Current Model,关闭当前模型,關閉當前模型,Aktuelles Modell entladen,Dejar de usar modelo actual,Décharger le modèle actuel,Töltse ki az aktuális modellt,モデルの読み込みを解除,현재 모델 닫기,Выгрузить текущую модель,Descarregar modelo atual,Вивантажити поточну модель,Scarica il modello corrente,Unload โมเดลปัจจุบัน,Ekrandaki modeli kaldır,Lossa aktuell modell,Uvoľniť aktuálny model
MainMenu.Settings.GeneralSettings,General Settings,一般设置,一般設定,Allgemeine Einstellungen,Configuraciones generales,Paramètres généraux,Általános beállítások,一般設定,일반 설정,Общие настройки,Configurações gerais,Загальні налаштування,Impostazioni generali,การตั้งค่าทั่วไป,Genel Ayarlar,Allmänna inställningar,Všeobecné nastavenia
MainMenu.Settings.GeneralSettings.Language,Language,语言,語言,Sprache,Idioma,Langue,Nyelv,言語,언어,Язык,Língua,Мова,Lingua,ภาษา,Dil,Språk,Jazyk
MainMenu.Settings.ViewportSettings,Viewport Settings,视窗设置,視窗設定,Vorschau-Einstellungen,Configuración de la ventana gráfica,Paramètres de la fenêtre,Nézetablak beállításai,ビューポート設定,작업 화면 설정,Настройки видового экрана,Configurações de visualização,Налаштування вікна перегляду,Impostazioni della vista,การตั้งค่า Viewport,Model Alanı Tuş Ayarları,Viewport-inställningar,Nastavenia výrezu
MainMenu.Settings.ViewportSettings.ViewportZoomSpeed,Zoom Speed,模型缩放速度,模型縮放速度,Zoomgeschw.,Velocidad de zoom,Vitesse de zoom,Zoom Speed,ズーム速度,확대/축소 속도,Скорость масштабирования,Velocidade do Zoom,Швидкість масштабування,Velocità dello zoom,ความเร็วในการ Zoom,Yakınlaştırma Hızı,Zoomhastighet,Rýchlosť priblíženia
MainMenu.Settings.ViewportSettings.ViewportRotationSpeed,Rotation Speed,模型旋转速度,模型旋轉速度,Rotationsgeschw.,Velocidad de rotación,Vitesse de rotation,Forgási sebesség,回転速度,회전 속도,Скорость вращения,Velocidade de rotação,Швидкість обертання,Velocità di rotazione,ความเร็ว Rotation,Döndürme Hızı,Rotationshastighet,Rýchlosť otáčania
MainMenu.Settings.ViewportSettings.ModelScale,Model Scale,模型尺寸,模型尺寸,Modellmaßstab,Escala del model,Échelle du modèle,Modell skála,モデルスケール,모델 크기,Масштаб модели,Escala do modelo,Масштаб моделі,Scala del modello,Model Scale,Modele Odakla,Modellskala,Modelová mierka
MainMenu.Settings.ViewportSettings.ModelOffsetHorizontal,Offset Horizontal,位置水平偏移,位置水平偏移,Horizontaler Versatz,Desplazamiento horizontal,Décalage horizontal,Eltolás Vízszintes,水平オフセット,수평 오프셋,Смещение по горизонтали,Deslocamento horizontal,Зміщення по горизонталі,Scostamento orizzontale,Offset แนวนอน,Yatay Ofset,Offset horisontell,Horizontálne posunutie
MainMenu.Settings.ViewportSettings.ModelOffsetVertical,Offset Vertical,位置垂直偏移,位置垂直偏移,Vertikaler Versatz,Desplazamiento vertical,Décalage vertical,Függőleges eltolás,垂直オフセット,수직 오프셋,Смещение по вертикали,Deslocamento vertical,Зміщення по вертикалі,Offset verticale,Offset แนวตั้ง,Dikey Ofset,Offset Vertikal,Vertikálny posun
MainMenu.Settings.ViewportSettings.ResetViewportSettings,Reset Viewport Settings,重置视窗设置,重置視窗設定,Vorschau-Einstellungen zurücksetzen,Restablecer la configuración de la ventana gráfica,Réinitialiser les paramètres de la fenêtre,Állítsa vissza a nézetablak beállításokat,ビューポート設定をリセット,작업 화면 설정 초기화,Сбросить настройки видового экрана,Resetar opções de visualização,Скинути налаштування вікна перегляду,Ripristina le impostazioni della vista,รีเซ็ตการตั้งค่า Viewport,Model Alanı Tuş Ayarlarını Sıfırla,Återställ Viewport Settings,Obnoviť nastavenia výrezu
MainMenu.Settings.ExportSettings,Animation Export Settings,动画输出设置,動畫匯出設定,Animationsexport-Einstellungen,Configuración de exportación de animación,Paramètres d'exportation d'animations,Animáció exportálási beállításai,アニメーション書き出し設定,애니메이션 저장 설정,Настройки экспорта анимации,Opções de exportação de animação,Параметри експорту анімації,Impostazioni di esportazione dell'animazione,การตั้งค่า Animation Export,Animasyon Dışarı Aktarma Ayarları,Animation Export Settings,Nastavenia exportu animácií
MainMenu.Settings.ExportSettings.SaveLocation,Save Location,保存位置,儲存位置,Speicherort,Ubicación de guardado,Enregistrer l'emplacement,Hely mentése,保存先,저장 경로,Сохранить местоположение,Local de salvamento,Зберегти місцезнаходження,Salva posizione,ตำแหน่งการบันทึก,Kayıt Lokasyonu,Spara plats,Uložiť polohu
MainMenu.Settings.ExportSettings.ExportPresets,Export Presets,输出预置,匯出預設,Voreinstellungen,Exportar ajustes preestablecidos,Exporter les préréglages,Előbeállítások exportálása,書き出しプリセット,프리셋 내보내기,Экспорт пресетов,Exportar predefinições,Експорт пресетів,Esporta preimpostazioni,Export Presets,Dışa Aktarım Ön Ayarları,Exportera förinställningar,Exportovať predvoľby
MainMenu.Settings.ExportSettings.Encoder,Encoder,编码器,編碼器,Encoder,Codificador,Encodeur,Kódoló,エンコーダー,인코더,Кодер,Codificador,Кодувальник,Codificatore,Encoder,Encoder,Encoder,kódovač
MainMenu.Settings.ExportSettings.Width,Width,宽度,寬度,Breite,Ancho,Largeur,Szélesség,幅,너비,Ширина,Largura,Ширина,Larghezza,ความกว้าง,Genişlik,Bredd,šírka
MainMenu.Settings.ExportSettings.Height,Height,高度,高度,Höhe,Altura,Hauteur,Magasság,高さ,높이,Высота,Altura,Висота,Altezza,ความสูง,Yükseklik,Höjd,Výška
MainMenu.Settings.ExportSettings.FPS,FPS,帧率,幀率,FPS,FPS,FPS,FPS,FPS,FPS,ФПС,FPS,FPS,FPS,FPS,FPS,FPS,FPS
MainMenu.Settings.ExportSettings.LimitMaxFrameCount,Limit Max. Frame Count,限制最大帧数,限制最大幀數,Max. Frame-Anzahl begrenzen,Límite máximo de conteo de fotogramas,Limite Max. Nombre d'images,Limit Max. Képkockaszám,最大フレーム数を制限,최대 프레임 수 제한,Ограничение Макс. Количество кадров,Limite máximo. Quantidade de Quadros,Обмеження Макс. Кількість кадрів,Limite massimo Conteggio fotogrammi,จำกัดจำนวนเฟรมสูงสุด,Maks. Kare Hızını Limitle,Begränsning Max. Antal ramar,Limit Max. Počet snímok
MainMenu.Settings.ExportSettings.MaxFrameCount,Max. Frame Count,最大帧数,最大幀數,Max. Frame-Anzahl,Conteo máximo de fotogramas,Max. Nombre d'images,Max. Képkockaszám,最大フレーム数,최대 프레임 수,Макс. Количество кадров,Máximo. Quantidade de Quadros,Макс. Кількість кадрів,Massimo. Conteggio fotogrammi,จำนวนเฟรมสูงสุด,Maks. Kare Hızı,Max. Antal ramar,Max. Počet snímok
MainMenu.Settings.ExportSettings.AlphaThreshold,Alpha Threshold,透明阈值,透明閾值,Alpha-Schwelle,Umbral alfa,Seuil alpha,Alfa-küszöb,アルファしきい値,투명도 임계값,Альфа-порог,Limiar alpha,Альфа-поріг,Soglia alfa,Alpha Threshold,Başlangıç Değeri,Alfatröskel,Alfa prah
MainMenu.Settings.ExportSettings.EnableDithering,Enable Dithering,使用颜色抖动,使用顏色抖動,Dithering aktivieren,Habilitar tramado,Activer le tramage,Dithering engedélyezése,ディザリングを有効化,디더링 활성화,Включить сглаживание,Ativar Suavização de Cores,Увімкнути дизерінг,Abilita dithering,เปิดใช้งาน Dithering,Titremeye İzin Ver,Aktivera dithering,Povoliť rozklad
MainMenu.Settings.ExportSettings.ResetExportSettings,Reset Export Settings,重置输出设置,重置匯出設定,Exporteinstellungen zurücksetzen,Restablecer configuración de exportación,Réinitialiser les paramètres d'exportation,Állítsa vissza az exportálási beállításokat,書き出し設定をリセット,저장 설정 초기화,Сбросить настройки экспорта,Resetar Opções de Exportação,Скинути налаштування експорту,Ripristina le impostazioni di esportazione,รีเซ็ตการตั้งค่า Export,Dışarı Aktarma Ayarlarını Sıfırla,Återställ exportinställningar,Obnoviť nastavenia exportu
MainMenu.Editor.Export,Export Emote,导出动画,匯出動畫,Emote exportieren,Exportar emote,Exporter une émoticône,Export Emote,エモートを書き出し,이모트 내보내기,Экспортировать эмоцию,Exportar Emote,Експорт Emote,Esporta emoticon,Export Emote,Emoji Dışa Aktar,Exportera Emote,Exportovať emócie
LicensePopup.ThirdPartyLicense.Notice,License provided by the model creator. Displayed for reference only and does not represent the EmoteLab developer’s views or legal position. ,许可信息由模型作者提供。仅作展示，不代表 EmoteLab 开发者立场。,許可資訊由模型作者提供。僅作展示，不代表 EmoteLab 開發者立場。,Lizenz vom Modellersteller bereitgestellt. Wird nur als Referenz angezeigt und gibt nicht die Ansichten oder Rechtsposition des EmoteLab-Entwicklers wieder.,Licencia proporcionada por el creador del modelo. Se muestra solo como referencia y no representa las opiniones ni la posición legal del desarrollador de EmoteLab.,Licence fournie par le créateur du modèle. Affiché à titre de référence uniquement et ne représente pas les opinions ou la position juridique du développeur EmoteLab.,"A modell készítője által biztosított licenc. Csak referenciaként jelenik meg, és nem képviseli az EmoteLab fejlesztő nézeteit vagy jogi álláspontját.",モデル制作者が提供したライセンスです。参照用に表示されるもので、EmoteLab開発者の見解または法的立場を示すものではありません。,모델 제작자가 제공하는 라이선스입니다. 참고용으로만 표시되며 EmoteLab 개발자의 견해나 법적 입장을 나타내지 않습니다.,Лицензия предоставлена ​​создателем модели. Отображается только для справки и не отражает точку зрения или правовую позицию разработчика EmoteLab.,Licença provida pelo criador do modelo. Apresentada apenas para referência e não representa as ideias ou posicionamento legal dos desenvolvedores do Emotelab.,Ліцензія надана розробником моделі. Відображається лише для довідки та не відображає поглядів або правової позиції розробника EmoteLab.,Licenza fornita dal creatore del modello. Visualizzato solo come riferimento e non rappresenta le opinioni o la posizione legale dello sviluppatore EmoteLab.,ลิขสิทธิ์ได้รับจากผู้สร้างโมเดล แสดงไว้เพื่อเป็นข้อมูลอ้างอิงเท่านั้น และไม่ได้แสดงถึงความคิดเห็นหรือจุดยืนทางกฎหมายของผู้พัฒนา EmoteLab,"Lisans, modelin yaratıcısı tarafından sağlanmıştır. Yalnızca referans amacıyla gösterilmiştir ve EmoteLab geliştiricisinin görüşlerini veya yasal konumunu temsil etmemektedir.",Licens tillhandahållen av modellskaparen. Visas endast som referens och representerar inte EmoteLab-utvecklarens åsikter eller rättsliga ställning.,Licencia poskytnutá tvorcom modelu. Zobrazuje sa len ako referencia a nereprezentuje názory alebo právne postavenie vývojára EmoteLab.
LicensePopup.ThirdPartyLicense.NotFound,"The creator of this third-party model has not provided a license or usage terms with the model. Before using this model in public, commercial, or professional contexts, you should confirm the permitted scope of use directly with the model's creator.",该第三方模型的作者未随模型提供许可协议或使用说明。在将该模型用于公开、商业或专业场景前，建议您自行与模型作者确认其允许的使用范围。,該第三方模型的作者未隨模型提供許可協議或使用說明。在將該模型用於公開、商業或專業場景前，建議您自行與模型作者確認其允許的使用範圍。,Lizenz nicht gefunden. Bestätige die erlaubte Nutzung mit dem Ersteller.,Licencia no encontrada. Confirmar el uso permitido con el creador.,Licence introuvable. Confirmez l'utilisation autorisée auprès du créateur.,Az engedély nem található. Az engedélyezett felhasználás megerősítése az alkotóval.,このサードパーティ製モデルの制作者は、モデルにライセンスまたは利用規約を同梱していません。公開・商用・業務用途で使用する前に、利用可能な範囲をモデル制作者へ直接確認してください。,라이선스를 찾을 수 없습니다. 제작자에게 허용된 사용 범위를 확인하세요.,Лицензия не найдена. Подтвердите разрешенное использование у создателя.,Licença não encontrada. Confirme com o criador se o uso é permitido.,"Творець цієї сторонньої моделі не надав ліцензію чи умови використання разом із моделлю. Перш ніж використовувати цю модель у публічному, комерційному чи професійному контексті, ви повинні підтвердити дозволену сферу використання безпосередньо у творця моделі.",Licenza non trovata. Conferma l'uso consentito con il creatore.,ไม่พบใบอนุญาตการใช่งาน โปรดยืนยันการใช้งานที่ได้รับอนุญาตกับผู้สร้าง,Lisans bulunamadı. Lütfen kullanım iznini yapımcıyla teyit edin.,"Skaparen av den här tredjepartsmodellen har inte tillhandahållit en licens eller användningsvillkor med modellen. Innan du använder den här modellen i offentliga, kommersiella eller professionella sammanhang bör du bekräfta den tillåtna användningsomfånget direkt med modellens skapare.","Tvorca tohto modelu tretej strany neposkytol s modelom licenciu ani podmienky používania. Pred použitím tohto modelu vo verejnom, komerčnom alebo profesionálnom kontexte by ste si mali potvrdiť povolený rozsah použitia priamo s tvorcom modelu."
LicensePopup.Close,Close,关闭,關閉,Schließen,Cerrar,Fermer,Közeli,閉じる,닫기,Закрывать,Fechar,Закрити,Vicino,ปิด,Kapat,Nära,Zavrieť
MainMenu.Editor.OpenExportFolder,Open Export Folder,打开输出文件夹,開啟匯出資料夾,Exportordner öffnen,Abrir carpeta de exportación,Ouvrir le dossier d'exportation,Nyissa meg az Exportálás mappát,書き出しフォルダを開く,저장 폴더 열기,Открыть папку экспорта,Abre Pasta de Exportação,Відкрийте папку експорту,Apri la cartella di esportazione,เปิดโฟลเดอร์ Export,Dışa Aktarılan Dosyayı Göster,Öppna Exportmapp,Otvorte priečinok Export
MainMenu.Settings.ModelSettings.LoadSampleCharacters,Load Sample Characters for Built-in Models,加载内置模型角色示例,載入內建模型角色示例,Beispiel-Charaktere für integrierte Modelle laden,Cargar modelos de prueba para modelos integrados,Charger des exemples de personnages pour les modèles intégrés,Töltsön be mintakaraktereket a beépített modellekhez,組み込みモデルのサンプルキャラクターを読み込む,기본 제공 모델의 샘플 캐릭터 불러오기,Загрузка образцов символов для встроенных моделей,Carregar Personagens de Exemplo para Modelos Pré-criados,Завантажте зразки символів для вбудованих моделей,Carica caratteri di esempio per i modelli incorporati,โหลดตัวละครตัวอย่าง,Gömülü Modeller için Örnek Karakterler Yükle,Ladda provtecken för inbyggda modeller,Načítanie vzorových znakov pre vstavané modely
MainMenu.Settings.ModelSettings,Model Settings,模型设置,模型設定,Modelleinstellungen,Configuración del modelo,Paramètres du modèle,Modell beállításai,モデル設定,모델 설정,Настройки модели,Configurações de Modelo,Параметри моделі,Impostazioni del modello,การตั้งค่าโมเดล,Model Ayarları,Modellinställningar,Nastavenia modelu
MainMenu.Editor.CharacterPopup.SavingCharacter,Saving Character Data...,保存角色数据,儲存角色資料,Charakterdaten werden gespeichert...,Guardando datos de personaje…,Enregistrement des données du personnage...,Karakteradatok mentése...,キャラクターデータを保存中…,캐릭터 데이터를 저장하는 중...,Сохранение данных персонажа...,Salvando Dados do Personagem...,Збереження даних символів...,Salvataggio dei dati del personaggio...,กำลังบันทึกข้อมูลตัวละคร...,Karakter Verileri Kaydediliyor...,Sparar teckendata...,Ukladajú sa údaje o postave...
MainMenu.Editor.CharacterPopup.LoadingCharacter,Loading Character...,加载角色,載入角色,Charakter wird geladen...,Cargando personaje...,Chargement du personnage...,Karakter betöltése...,キャラクターを読み込み中…,캐릭터 불러오는 중...,Загрузка персонажа...,Carregando Personagem...,Завантаження символу...,Caricamento carattere...,กำลังโหลดตัวละคร...,Karakter Yükleniyor...,Laddar tecken...,Načítava sa znak...
MainMenu.Info.ThirdPartyLicense,Third Party Licenses,第三方授权许可,第三方授權許可,Lizenzen Dritter,Licencias de terceros,Licences tierces,Harmadik fél licencei,外部ライセンス,제3자 라이선스,Лицензии третьих лиц,Licença de Terceiros,Ліцензії третіх осіб,Licenze di terze parti,ใบอนุญาติของบุคคลที่สาม,Üçüncü Parti Lisansları,Tredjepartslicenser,Licencie tretích strán
MainMenu.Info.EmoteLabEULA,End User License Agreement (EULA),最终用户许可协议（EULA）,終端使用者許可協議（EULA）,Endbenutzer-Lizenzvereinbarung (EULA),Acuerdo de licencia de usuario final (EULA),Contrat de licence utilisateur final (CLUF),Végfelhasználói licencszerződés (EULA),エンドユーザーライセンス契約（EULA）,최종 사용자 라이선스 계약(EULA),Лицензионное соглашение с конечным пользователем (EULA),Contrato de Licença de Usuário Final (EULA),Ліцензійна угода кінцевого користувача (EULA),Contratto di licenza con l'utente finale (EULA),ข้อตกลงใบอนุญาตผู้ใช้ปลายทาง (EULA),Son Kullanıcı Lisans Anlaşması (EULA),Slutanvändarlicensavtal (EULA),Licenčná zmluva koncového používateľa (EULA)
MainMenu.Info.Documentation,Documentation,帮助文档,幫助文件,Dokumentation,Documentación,Documentation,Dokumentáció,ドキュメント,사용 설명서,Документация,Documentação,Документація,Documentazione,เอกสารประกอบ (Documentation),Dokümantasyon,Dokumentation,Dokumentácia
MainMenu.Info.Discord,Join Our Discord,加入我们的Discord,加入我們的Discord,Tritt unserem Discord bei,Únete a nuestro Discord,Rejoignez notre Discord,Csatlakozz Discordunkhoz,Discordに参加,디스코드 참여하기,Присоединяйтесь к нашему дискорду,Entre no Nosso Discord,Приєднуйтесь до нашого Discord,Unisciti alla nostra discordia,เข้าร่วม Discord ของเรา,Discord'umuza Katıl,Gå med i vår discord,Pripojte sa k nášmu Discordu
MainMenu.Settings.ExportSettings.PresetsInfo,"This preset sets the correct format and dimensions. Very long animations may exceed platform file size limits, and some platforms restrict certain content.",此预设会设置正确的格式和尺寸。过长的动画可能会超出平台文件大小限制，某些内容可能不被特定平台允许。,此預設會設定正確的格式和尺寸。過長的動畫可能會超出平臺檔案大小限制，某些內容可能不被特定平臺允許。,Diese Voreinstellung legt das richtige Format und die richtigen Abmessungen fest. Sehr lange Animationen können die Dateigrößenbeschränkungen der Plattform überschreiten und einige Plattformen schränken bestimmte Inhalte ein.,Este ajuste preestablecido establece el formato y las dimensiones correctos. Las animaciones muy largas pueden exceder los límites de tamaño o de archivo de la plataforma y algunas plataformas restringen cierto contenido.,"Ce préréglage définit le format et les dimensions corrects. Les animations très longues peuvent dépasser les limites de taille de fichier de la plateforme, et certaines plateformes restreignent certains contenus.","Ez az előbeállítás beállítja a megfelelő formátumot és méreteket. A nagyon hosszú animációk meghaladhatják a platform fájlméret-korlátait, és egyes platformok korlátoznak bizonyos tartalmakat.",このプリセットは適切な形式とサイズを設定します。非常に長いアニメーションはプラットフォームのファイルサイズ制限を超える場合があります。また、一部のプラットフォームでは特定のコンテンツが制限される場合があります。,"이 프리셋은 올바른 포맷과 크기를 자동으로 설정합니다. 단, 애니메이션이 너무 길면 플랫폼의 파일 용량 제한을 초과할 수 있으며, 일부 플랫폼에서는 특정 콘텐츠의 사용을 제한할 수 있습니다.","Этот пресет устанавливает правильный формат и размеры. Очень длинные анимации могут превышать ограничения размера файла платформы, а некоторые платформы ограничивают определенный контент.","Essa predefinição aplica as formas e dimensões corretas. Animações muito longas podem exceder o limite de arquivos da plataforma, e certas plataformas restringem certos conteúdos.","Цей стиль встановлює правильний формат і розміри. Дуже довгі анімації можуть перевищувати обмеження розміру файлу платформи, а деякі платформи обмежують певний вміст.",Questa preimpostazione imposta il formato e le dimensioni corretti. Le animazioni molto lunghe potrebbero superare i limiti di dimensione dei file della piattaforma e alcune piattaforme limitano determinati contenuti.,การตั้งค่าของ Preset จะกำหนดรูปแบบและขนาดที่ถูกต้อง แอนิเมชันที่มีความยาวมากอาจเกินขีดจำกัดขนาดไฟล์ของแพลตฟอร์ม และบางแพลตฟอร์มอาจจำกัดเนื้อหาบางประเภท,Bu ön ayar doğru formatı ve boyutları doğru ayarlar. Çok uzun animasyonlar platformların boyut limitini aşabilir. Aynı zamanda bazı platformlar belli başlı içeriklere izin vermiyor olabilir.,"Denna förinställning ställer in rätt format och mått. Mycket långa animationer kan överskrida gränserna för plattformens filstorlek, och vissa plattformar begränsar visst innehåll.",Táto predvoľba nastaví správny formát a rozmery. Veľmi dlhé animácie môžu prekročiť limity veľkosti súboru platformy a niektoré platformy obmedzujú určitý obsah.
MainMenu.Settings.ModelSettings.OpenLocalModelFolder,Open Local Model Folder,打开本地模型文件夹,開啟本地模型資料夾,Lokalen Modellordner öffnen,Abrir carpeta de modelo local,Ouvrir le dossier du modèle local,Nyissa meg a Helyi Modell mappát,ローカルモデルフォルダを開く,로컬 모델 폴더 열기,Открыть локальную папку модели,Abrir Pasta Local do Modelo,Відкрийте локальну папку моделі,Apri la cartella del modello locale,เปิดโฟลเดอร์โมเดลในเครื่อง,Yerel Model Dosyasını Aç,Öppna lokal modellmapp,Otvorte priečinok lokálneho modelu
MainMenu.Settings.ModelSettings.OpenCharacterFolder,Open Character Folder,打开角色文件夹,開啟角色資料夾,Charakterordner öffnen,Abrir carpeta de personajes,Ouvrir le dossier des personnages,Nyissa meg a Karakter mappát,キャラクターフォルダを開く,캐릭터 폴더 열기,Открыть папку персонажей,Abrir Pasta de Personagens,Відкрийте папку Character,Apri la cartella dei caratteri,เปิดโฟลเดอร์ตัวละคร,Karakter Dosyasını Aç,Öppna teckenmappen,Otvorte priečinok znakov
MainMenu.Info.Log,Open Log Folder,打开程序运行日志,開啟程式執行日誌,Protokollordner öffnen,Abrir carpeta de registro,Ouvrir le dossier du journal,Nyissa meg a Napló mappát,ログフォルダを開く,로그 폴더 열기,Открыть папку журнала,Abrir Pasta Logs,Відкрити папку журналу,Apri la cartella registro,เปิดโฟลเดอร์ Log,Sistem Günlüğü Dosyasını Aç,Öppna Loggmapp,Otvorte priečinok denníka
MainMenu.Settings.ExportSettings.UsingGlobalColorTable,Using Global Color Table,使用全局颜色表,使用全域顏色表,Verwendung der globalen Farbtabelle,Usando tabla de colores globales,Utilisation de la table de couleurs globale,Globális színtábla használata,グローバルカラーテーブルを使用,전역 색상표 사용,Использование глобальной таблицы цветов,Usar Tabela Global de Cores,Використання глобальної таблиці кольорів,Utilizzo della tabella dei colori globale,การใช้ตารางสีสากล,Küresel Renk Tablosunu Kullanarak,Använder Global Color Table,Použitie globálnej tabuľky farieb
MainMenu.Editor.ExportStatic,Export Static Image,导出静态图片,匯出靜態圖片,Statisches Bild exportieren,Exportar imagen estática,Exporter une image statique,Statikus kép exportálása,静止画像を書き出し,이미지 내보내기,Экспорт статического изображения,Exportar Imagem Estática,Експорт статичного зображення,Esporta immagine statica,Export ภาพนิ่ง,Düz Resim Dışarı Aktar,Exportera statisk bild,Exportovať statický obrázok
MainMenu.Editor.Player.Speed,Speed,播放速度,播放速度,Geschwindigkeit,Velocidad,Vitesse,Sebesség,速度,속도,Скорость,Velocidade,швидкість,Velocità,ความเร็ว,Hız,Hastighet,Rýchlosť
MainMenu.Settings.StaticImageSettings,Static Image Settings,静态图片输出设置,靜態圖片匯出設定,Statische Bildeinstellungen,Configuración de imagen estática,Paramètres de l'image statique,Statikus képbeállítások,静止画設定,이미지 설정,Настройки статического изображения,Opções de Imagem Estática,Параметри статичного зображення,Impostazioni dell'immagine statica,การตั้งค่าภาพนิ่ง,Düz Resim Ayarları,Statiska bildinställningar,Nastavenia statického obrazu
MainMenu.Settings.StaticImageSettings.ResetStaticImageSettings,Reset Static Image Settings,重置静态图片输出设置,重置靜態圖片匯出設定,Statische Bildeinstellungen zurücksetzen,Restablecer configuración de imagen estática,Réinitialiser les paramètres de l'image statique,Állítsa vissza a statikus képbeállításokat,静止画設定をリセット,이미지 설정 초기화,Сбросить настройки статического изображения,Resetar Opções de Imagem Estática,Скинути параметри статичного зображення,Ripristina le impostazioni dell'immagine statica,รีเซ็ตการตั้งค่าภาพนิ่ง,Düz Resim Ayarlarını sıfırla,Återställ inställningar för statisk bild,Obnoviť nastavenia statického obrazu
MainMenu.Settings.ExportSettings.SamplingRate,Sampling Rate,取样频率,取樣頻率,Abtastrate,Tasa de muestreo,Taux d'échantillonnage,Mintavételi sebesség,サンプリングレート,샘플링 속도,Частота выборки,Taxa de Amostragem,Частота дискретизації,Frequenza di campionamento,Sampling Rate,Örnekleme Oranı,Samplingsfrekvens,Vzorkovacia frekvencia
MainMenu.Editor.Texture.Step1Instr,This toggle allows you to switch between the internal and the custom texture,这个选项允许您在内置贴图和自定义贴图间切换。,這個選項允許您在內建貼圖和自訂貼圖間切換。,Mit diesem Schalter kannst du zwischen der internen und der benutzerdefinierten Textur wechseln,Este interruptor le permite cambiar entre la textura interna y la personalizada.,Cette option vous permet de basculer entre la texture interne et la texture personnalisée,Ezzel a kapcsolóval válthat a belső és az egyéni textúra között,この操作で初期テクスチャとカスタムテクスチャを切り替えられます,이 토글을 사용하여 기본 텍스처와 커스텀 텍스처 사이를 전환할 수 있습니다.,Этот переключатель позволяет переключаться между внутренней и пользовательской текстурой.,Essa opção permite você mudar entre texturas internas e customizadas,Цей перемикач дозволяє перемикатися між внутрішньою та спеціальною текстурою,Questo interruttore ti consente di passare dalla texture interna a quella personalizzata,Toggle นี้ช่วยให้คุณสลับระหว่าง Internal Texture และ Custom Texture ได้,"Bu ayar, uygulama içinde bulunan ve özel olarak eklenen dokular arasında geçiş yapmanızı sağlar",Denna växling låter dig växla mellan den interna och den anpassade texturen,Tento prepínač umožňuje prepínať medzi vnútornou a vlastnou textúrou
MainMenu.Editor.Texture.Step2Instr,Edit the PNGs in the Custom Texture folder. Save with transparency and do not modify image size,编辑自定义贴图文件夹中的PNG图像，保留透明度保存且不要改变尺寸。,編輯自訂貼圖資料夾中的PNG影像，保留透明度儲存且不要改變尺寸。,Bearbeite die PNGs im Ordner „Custom Texture“. Speichere mit Transparenz und ändere die Bildgröße nicht,Edita los PNG en la carpeta Textura personalizada. Guarda con transparencia y no modifiques el tamaño de la imagen.,Modifiez les fichiers PNG dans le dossier des textures personnalisées. Enregistrez avec la transparence et ne modifiez pas les dimensions de l'image,"Szerkessze a PNG-ket az Egyéni textúra mappában. Mentse átlátszósággal, és ne módosítsa a képméretet",Custom Textureフォルダ内のPNGを編集してください。透過状態で保存し、画像サイズは変更しないでください,Custom Texture 폴더에서 PNG를 편집합니다. 저장 시 투명도를 유지하고 이미지 크기를 변경하지 마세요.,Отредактируйте PNG в папке «Пользовательская текстура». Сохраняйте с прозрачностью и не изменяйте размер изображения.,Edite os PNGs na pasta de Texturas Customizadas. Salve com transparência e não modifique o tamanho da imagem ,Відредагуйте файли PNG у папці Custom Texture. Зберігайте з прозорістю та не змінюйте розмір зображення,Modifica i PNG nella cartella Texture personalizzata. Salva con trasparenza e non modifica le dimensioni dell'immagine,แก้ไขไฟล์ PNG ในโฟลเดอร์ Custom Texture และบันทึกโดยตั้งค่าความโปร่งใสไว้ โดยไม่แก้ไขขนาดของ PNG,PNG'leri Özel Doku dosyasında düzenleyin. Transparant olarak resmi kaydedin ve yüksekliğini/genişliğini değiştirmeyin,Redigera PNG:erna i mappen Custom Texture. Spara med genomskinlighet och ändra inte bildstorleken,Upravte súbory PNG v priečinku Custom Texture. Uložte s priehľadnosťou a nemeňte veľkosť obrázka
MainMenu.Editor.Texture.Step3Instr,"After saving your edits, click this button to apply the chages to your model.",编辑完成后，点击此按钮应用修改。,編輯完成後，點選此按鈕應用修改。,"Nachdem du deine Änderungen gespeichert hast, klicke auf diesen Knopf, um die Änderungen auf dein Modell anzuwenden.","Después de guardar tus cambios, presiona este botón para aplicar los cambios a tu modelo.","Après avoir enregistré vos modifications, cliquez sur ce bouton pour appliquer les modifications à votre modèle.","A módosítások mentése után kattintson erre a gombra, hogy alkalmazza a módosításokat a modellen.",編集を保存した後、このボタンを押すとモデルに変更が適用されます,편집 내용을 저장한 후 이 버튼을 클릭하면 모델에 변경 사항이 적용됩니다.,"После сохранения изменений нажмите эту кнопку, чтобы применить изменения к вашей модели.","Após salvar suas alterações, clique nesse botão para aplicar as alterações no seu modelo.","Після збереження змін натисніть цю кнопку, щоб застосувати зміни до моделі.","Dopo aver salvato le modifiche, fai clic su questo pulsante per applicare le modifiche al tuo modello.",หลังจากบันทึกการแก้ไขแล้ว ให้คลิกปุ่มนี้เพื่อปรับเปลี่ยนโมเดลของคุณตามความเปลี่ยนแปลง,Düzenlemeniz bittikten sonra bu tuşa basıp değişikliklerin modele uygulanmasını sağlayın.,När du har sparat dina ändringar klickar du på den här knappen för att tillämpa ändringarna på din modell.,Po uložení úprav kliknutím na toto tlačidlo aplikujte zmeny na svoj model.
MainMenu.Editor.Texture.Step4Instr,Save your character. The save button is located below the character list on the left side of the interface.,保存您的角色。保存按钮在左侧角色列表下方。,儲存您的角色。儲存按鈕在左側角色列表下方。,"Speichere deinen Charakter. Der ""Speichern""-Knopf befindet sich unterhalb der Charakterliste auf der linken Seite der Oberfläche.",Guarda tu personaje. El botón para guardar se encuentra debajo de la lista de personajes en el lado izquierdo de la interfaz.,Enregistrez votre personnage. Le bouton Enregistrer est situé sous la liste des personnages sur le côté gauche de l'interface.,Mentsd meg a karaktered. A mentés gomb a karakterlista alatt található a felület bal oldalán.,キャラクターを保存してください。保存ボタンは画面左側のキャラクターリストの下にあります,캐릭터를 저장하세요. 저장 버튼은 인터페이스 왼쪽의 캐릭터 목록 아래에 있습니다.,Сохраните своего персонажа. Кнопка сохранения расположена под списком персонажей в левой части интерфейса.,Salve seu personagem. O botão de salvar está localizado abaixo da lista de personagens no canto esquerdo da interface.,Збережіть свого персонажа. Кнопка збереження розташована під списком символів у лівій частині інтерфейсу.,Salva il tuo personaggio. Il pulsante Salva si trova sotto l'elenco dei personaggi sul lato sinistro dell'interfaccia.,บันทึกตัวละครของคุณ โดยปุ่มบันทึกจะอยู่ด้านล่างรายชื่อตัวละครทางด้านซ้ายของหน้าจอ,"Karakterinizi kaydedin. Kaydetme tuşu arayüzün solunda, karakter listesinin altında bulunur.",Rädda din karaktär. Spara-knappen finns under teckenlistan på vänster sida av gränssnittet.,Zachráňte svoju postavu. Tlačidlo uloženia sa nachádza pod zoznamom znakov na ľavej strane rozhrania.
MainMenu.Editor.Texture.Recommend,Please read the Using Custom Textures manual before using this feature.,请在使用前完整阅读手册使用自定义贴图章节。,請在使用前完整閱讀手冊使用自訂貼圖章節。,"Bitte lies das Handbuch „Verwenden benutzerdefinierter Texturen“, bevor du diese Funktion verwendest.",Por favor lee el manual para usar texturas personalizadas antes de utilizar esta función.,Veuillez lire le manuel d'utilisation des textures personnalisées avant d'utiliser cette fonctionnalité.,"Kérjük, olvassa el az Egyéni textúrák használata kézikönyvet a funkció használata előtt.",この機能を使用する前に「カスタムテクスチャの使用」マニュアルを確認してください,이 기능을 사용하기 전에 사용자 정의 텍스처 사용 매뉴얼을 읽어주세요.,Перед использованием этой функции прочтите руководство «Использование пользовательских текстур».,Por favor leia o manual de Customização de Texturas antes de usar essa opção.,"Перш ніж використовувати цю функцію, прочитайте посібник «Використання власних текстур».",Si prega di leggere il manuale Utilizzo di texture personalizzate prima di utilizzare questa funzione.,โปรดอ่านคู่มือการใช้งาน Custom Texture ก่อนใช้งาน feature นี้,Lütfen bu özelliği kullanmadan önce Özel Doku Kullanma rehberini okuyun.,Läs manualen Använda anpassade texturer innan du använder den här funktionen.,Pred použitím tejto funkcie si prečítajte príručku Používanie vlastných textúr.
MainMenu.Editor.Texture.CustomTexture,Custom Texture,自定义贴图,自訂貼圖,Benutzerdefinierte Textur,Textura personalizada,Textures personnalisée,Egyedi textúra,カスタムテクスチャ,사용자 정의 텍스처,Пользовательская текстура,Texturas Customizadas,Спеціальна текстура,Trama personalizzata,Custom Texture,Özel Doku,Anpassad textur,Vlastná textúra
MainMenu.Editor.Texture.Step1,Step 1,第一步,第一步,Schritt 1,Paso 1,Étape 1,1. lépés,ステップ 1,1단계,Шаг 1,Etapa 1,Крок 1,Passaggio 1,ขั้นตอนที่ 1,Adım 1,Steg 1,Krok 1
MainMenu.Editor.Texture.Step2,Step 2,第二步,第二步,Schritt 2,Paso 2,Étape 2,2. lépés,ステップ 2,2단계,Шаг 2,Etapa 2,Крок 2,Passaggio 2,ขั้นตอนที่ 2,Adım 2,Steg 2,Krok 2
MainMenu.Editor.Texture.Step3,Step 3,第三步,第三步,Schritt 3,Paso 3,Étape 3,3. lépés,ステップ 3,3단계,Шаг 3,Etapa 3,Крок 3,Passaggio 3,ขั้นตอนที่ 3,Adım 3,Steg 3,Krok 3
MainMenu.Editor.Texture.Step4,Step 4,第四步,第四步,Schritt 4,Paso 4,Étape 4,4. lépés,ステップ 4,4단계,Шаг 4,Etapa 4,Крок 4,Passaggio 4,ขั้นตอนที่ 4,Adım 4,Steg 4,Krok 4
MainMenu.Editor.Texture.AlphaBleed,Fix Selected Outline,修复选中图集部件边缘,修復選中圖集部件邊緣,Ausgewählte Kontur korrigieren,Corregir el contorno seleccionado,Corriger le contour sélectionné,Javítsa ki a kiválasztott körvonalat,選択した輪郭を修正,선택한 외곽선 수정,Исправить выбранный контур,Corrigir Outline Selecionada,Виправити вибраний контур,Correggi il contorno selezionato,แก้ไขเส้นร่างที่เลือก,Seçili Atlasları Güncelle,Fixa vald kontur,Opravte vybranú osnovu
MainMenu.Editor.Texture.ResetAtlas,Reset Selected Atlas,重置选中图集,重置選中圖集,Ausgewählten Atlas zurücksetzen,Corregir el atlas seleccionado,Réinitialiser l'Atlas sélectionné,Állítsa vissza a kiválasztott atlaszt,選択したアトラスをリセット,선택한 이미지 시트 초기화,Сбросить выбранный атлас,Resetar Atlas Selecionada,Скинути вибраний атлас,Reimposta l'atlante selezionato,รีเซ็ต Atlas ที่เลือก,Seçili Atlasları Sıfırla,Återställ vald atlas,Obnoviť vybratý atlas
MainMenu.Editor.Texture.TextureUtility,Texture Utility,贴图工具,貼圖工具,Textur-Werkzeug,Utilidad de texturas,Utilitaire des textures,Texture Utility,テクスチャツール,텍스처 도구,Утилита текстур,Utilitários de Textura,Утиліта текстур,Utilità delle texture,Texture Utility,Doku Hizmetleri,Texture Utility,Textúra Utility
MainMenu.Editor.Texture.SelectAll,Select All,全选,全選,Alle auswählen,Seleccionar todo,Sélectionner tout,Válassza az Összes lehetőséget,すべて選択,전체 선택,Выбрать все,Selecionar Todos,Виберіть усі,Seleziona tutto,เลือกทั้งหมด,Hepsini seç,Välj Alla,Vyberte možnosť Všetky
MainMenu.Editor.Texture.ToggleSelection,Toggle Selection,反选,反選,Auswahl umschalten,Alternar selección ,Basculer la sélection,Kiválasztás váltása,選択を切り替え,선택 전환,Переключить выбор,Ativar Seleção,Перемкнути вибір,Attiva/Disattiva selezione,การเลือก Toggle,Tersini Seç,Växla val,Prepnúť výber
MainMenu.Editor.Texture.AtlasList,Atlas List,图集列表,圖集列表,Atlas-Liste,Lista de atlas,Liste de l'Atlas,Atlasz lista,アトラス一覧,이미지 시트 목록,Список Атласов,Lista de Atlas,Список атласу,Elenco dell'Atlante,รายการ Atlas,Atlas Listesi,Atlas lista,Zoznam Atlasu
MainMenu.Editor.Texture.ResetWarning,This will reset the selected atlas pages to the built-in versions. Any unsaved edits will be lost and cannot be recovered. Continue?,此操作将把所选图集页面重置为内置版本。未保存的修改将丢失且无法恢复。是否继续？,此操作將把所選圖集頁面重置為內建版本。未儲存的修改將會遺失且無法恢復。是否繼續？,Dadurch werden die ausgewählten Atlasseiten auf die integrierten Versionen zurückgesetzt. Alle nicht gespeicherten Änderungen gehen verloren und können nicht wiederhergestellt werden. Weitermachen?,Esto restablecerá las páginas del atlas seleccionadas a las versiones integradas. Cualquier edición no guardada se perderá y no se podrá recuperar. ¿Continuar?,Cela réinitialisera les pages d'atlas sélectionnées vers les versions d'origine. Toute modification non enregistrée sera perdue et irrécupérable. Continuer ?,"Ezzel visszaállítja a kiválasztott atlaszoldalakat a beépített verziókra. A nem mentett szerkesztések elvesznek, és nem állíthatók vissza. Folytatja?",選択したアトラスページを初期状態にリセットします。未保存の編集は失われ、復元できません。続行しますか？,선택한 이미지 시트 페이지를 기본(내장) 버전으로 초기화합니다. 저장하지 않은 편집 내용은 사라지며 복구할 수 없습니다. 계속하시겠습니까?,При этом выбранные страницы атласа будут сброшены до встроенных версий. Любые несохраненные изменения будут потеряны и не подлежат восстановлению. Продолжать?,Isso irá resetar as páginas do atlas selecionadas para as versões pré-criadas. Qualquer alteração não salva será perdida e não poderá ser recuperada. Continuar?,Це скине вибрані сторінки атласу до вбудованих версій. Будь-які незбережені зміни буде втрачено та не можна буде відновити. Продовжити?,Ciò ripristinerà le pagine dell'atlante selezionate alle versioni integrate. Eventuali modifiche non salvate andranno perse e non potranno essere recuperate. Continuare?,การดำเนินการนี้จะรีเซ็ตหน้า Atlas ที่เลือกกลับไปเป็นเวอร์ชันเริ่มต้น การแก้ไขที่ยังไม่ได้บันทึกจะสูญหายและไม่สามารถกู้คืนได้ ต้องการดำเนินการต่อหรือไม่?,Değiştirilen Atlas'ları gömülü versiyonlardaki hallerine geri getirecek. Kaydedilmeyen düzenlemeler kaybolacak ve geri getirilemeyecektir. Devam edilsin mi?,Detta kommer att återställa de valda atlassidorna till de inbyggda versionerna. Alla osparade redigeringar går förlorade och kan inte återställas. Fortsätta?,Toto obnoví vybrané stránky atlasu na vstavané verzie. Všetky neuložené úpravy sa stratia a nebudú sa dať obnoviť. Pokračovať?
MainMenu.Settings.ExportSettings.PaletteAlgorithm,Palette Algorithm,色板算法,調色盤演算法,Palettenalgorithmus,Algoritmo de paleta,Algorithme de palette,Paletta algoritmus,パレットアルゴリズム,색상 추출,Алгоритм палитры,Algoritmo de Paleta,Алгоритм палітри,Algoritmo della tavolozza,Palette Algorithm,Palet Algoritması,Palettalgoritm,Algoritmus palety
MainMenu.Editor.Texture.AlphaBleedWarning,This will overwrite the selected texture files and cannot be undone. Continue?,操作会修改并覆盖选中的 PNG 图集文件以修复白边。此操作无法撤销，是否继续？,操作會修改並覆蓋選中的 PNG 圖集檔案以修復白邊。此操作無法撤銷，是否繼續？,Dadurch werden die ausgewählten Texturdateien überschrieben und können nicht rückgängig gemacht werden. Fortfahren?,Esto sobrescribirá los archivos de textura seleccionados y no se podrá deshacer. ¿Continuar?,Cela écrasera les fichiers des textures sélectionnés et ne pourra pas être annulé. Continuer ?,"Ez felülírja a kiválasztott textúrafájlokat, és nem vonható vissza. Folytatja?",選択したテクスチャファイルを上書きします。この操作は元に戻せません。続行しますか？,"선택한 텍스처 파일을 덮어쓰며, 이 작업은 되돌릴 수 없습니다. 계속하시겠습니까?",Это приведет к перезаписи выбранных файлов текстур и не может быть отменено. Продолжать?,Isso irá sobrescrever os arquivos de textura e não poderá ser desfeito. Continuar?,"Це перезапише вибрані файли текстури, і цю дію неможливо скасувати. Продовжити?",Ciò sovrascriverà i file di texture selezionati e non può essere annullato. Continuare?,การดำเนินการนี้จะเขียนทับไฟล์ Texture ที่เลือกไว้ โดยไม่สามารถย้อนกลับมาแก้ไขได้ ต้องการดำเนินการต่อหรือไม่?,Doku dosyalarının üstüne dosyalardaki dokular yazılacak. Devam edilsin mi?,Detta kommer att skriva över de valda texturfilerna och kan inte ångras. Fortsätta?,Týmto sa prepíšu vybrané súbory textúr a nemožno to vrátiť späť. Pokračovať?
MainMenu.TranslationInfo.Message,"Some languages are translated by our community or assisted by machine translation, so quality may vary.

You can change the language in Settings.

See our {0}.

Want to contribute? Join us on {1}.","部分语言由我们的社区翻译或由机器翻译协助完成，因此质量可能有所不同。

您可在设置中更改语言。

请在{0}上查看我们的社区贡献者。

想要参与？欢迎通过{1}加入我们。","部分語言由社群翻譯或由機器翻譯協助完成，因此品質可能有所不同。

您可在設定中變更語言。

請在{0}上查看我們的社群貢獻者。

想要參與？歡迎透過{1}加入我們。","Einige Sprachen werden von unserer Community übersetzt oder durch maschinelle Übersetzung unterstützt, daher kann die Qualität variieren.

Sie können die Sprache in den Einstellungen ändern.

Sehen Sie sich unsere {0} an.

Möchten Sie einen Beitrag leisten? Begleiten Sie uns auf {1}.","Algunos idiomas son traducidos por nuestra comunidad o asistidos por traducción automática, por lo que la calidad puede variar.

Puedes cambiar el idioma en Configuración.

Vea nuestros {0}.

¿Quieres contribuir? Únase a nosotros en {1}.","Certaines langues sont traduites par notre communauté ou assistées par la traduction automatique, la qualité peut donc varier.

Vous pouvez changer la langue dans les Paramètres.

Consultez nos {0}.

Vous voulez contribuer ? Rejoignez-nous sur {1}.","Egyes nyelveket közösségünk fordít, vagy gépi fordítás segíti elő, így a minőség változhat.

A nyelvet a Beállításokban módosíthatja.

Tekintse meg {0}.

Szeretnél hozzájárulni? Csatlakozz hozzánk a {1}.","一部の言語はコミュニティによる翻訳、または機械翻訳の支援を受けた翻訳のため、品質にばらつきがある場合があります。

言語は設定で変更できます。

{0} をご覧ください。

翻訳に参加したい場合は、{1} にご参加ください。","일부 언어는 커뮤니티에서 번역되거나 기계 번역의 도움을 받기 때문에 품질이 다를 수 있습니다.

설정에서 언어를 변경할 수 있습니다.

{0}를 확인하세요.

기여하고 싶나요? {1}에 참여하세요.","Некоторые языки переводятся нашим сообществом или с помощью машинного перевода, поэтому качество может отличаться.

Вы можете изменить язык в настройках.

См. наших {0}.

Хотите внести свой вклад? Присоединяйтесь к нам в {1}.","Alguns idiomas são traduzidos pela nossa comunidade ou assistidos por tradução automática, portanto a qualidade pode variar.

Você pode alterar o idioma em Configurações.

Veja nossos {0}.

Quer contribuir? Junte-se a nós no {1}.","Деякі мови перекладаються нашою спільнотою або за допомогою машинного перекладу, тому якість може відрізнятися.

Ви можете змінити мову в налаштуваннях.

Дивіться {0}.

Хочете зробити внесок? Приєднуйтесь до нас на {1}.","Alcune lingue sono tradotte dalla nostra community o assistite dalla traduzione automatica, quindi la qualità può variare.

Puoi cambiare la lingua in Impostazioni.

Vedi i nostri {0}.

Vuoi contribuire? Unisciti a noi su {1}.","บางภาษาได้รับการแปลโดยชุมชนของเราหรือได้รับความช่วยเหลือจากการแปลด้วยคอมพิวเตอร์ ดังนั้นคุณภาพอาจแตกต่างกันไป

คุณสามารถเปลี่ยนภาษาได้ในการตั้งค่า

ดู {0}

ต้องการที่จะมีส่วนร่วม? เข้าร่วมกับเราบน {1}.","Bazı diller topluluğumuz tarafından çevrilmekte veya makine çevirisiyle desteklenmektedir, dolayısıyla kalite farklılık gösterebilir.

Dili Ayarlar'dan değiştirebilirsiniz.

{0} bakın.

Katkıda bulunmak ister misiniz? {1}.","Vissa språk översätts av vår community eller assisteras av maskinöversättning, så kvaliteten kan variera.

Du kan ändra språket i Inställningar.

Se våra {0}.

Vill du bidra? Gå med oss ​​på {1}.","Niektoré jazyky sú preložené našou komunitou alebo pomocou strojového prekladu, takže kvalita sa môže líšiť.

Jazyk môžete zmeniť v Nastaveniach.

Pozrite si naše {0}.

Chcete prispieť? Pridajte sa k nám na {1}."
MainMenu.TranslationInfo.ContributorsLinkLabel,community contributors on GitHub,GitHub 上的社区贡献者,GitHub 上的社群貢獻者,Community-Mitwirkende auf GitHub,contribuyentes de la comunidad en GitHub,contributeurs de la communauté sur GitHub,közösségi közreműködők a GitHubon,GitHub のコミュニティ貢献者,GitHub의 커뮤니티 기고자,участники сообщества на GitHub,colaboradores da comunidade no GitHub,учасників спільноти на GitHub,contributori della community su GitHub,ผู้ร่วมให้ข้อมูลในชุมชนบน GitHub,GitHub'a katkıda bulunan topluluk üyeleri,community-bidragsgivare på GitHub,komunitných prispievateľov na GitHub
MainMenu.TranslationInfo.DontShowAgain,Don't show this again,不再显示,不再顯示,Zeige das nicht noch einmal,No vuelvas a mostrar esto,Ne plus montrer ça,Ne mutasd ezt újra,今後表示しない,다시 표시하지 않음,Больше не показывать это,Não mostre isso de novo,Не показувати це знову,Non mostrarlo più,อย่าแสดงสิ่งนี้อีก,Bunu bir daha gösterme,Visa inte detta igen,Toto už nezobrazovať
MainMenu.Editor.AssetTypeWS,Workshop,创意工坊,工作坊,Werkstatt,Taller,Atelier,Műhely,ワークショップ,작업장,Мастерская,Oficina,Майстерня,Officina,การประชุมเชิงปฏิบัติการ,Atölye,Verkstad,Workshop
MainMenu.Editor.WorkshopPublishPopup.Title.Model,Publish Model to Workshop,将模型发布至创意工坊,將模型發佈到Workshop,Modell im Workshop veröffentlichen,Publicar modelo en taller,Publier le modèle dans l'atelier,Modell közzététele a műhelyben,モデルをワークショップに公開する,모델을 워크샵에 게시,Публикация модели в мастерской,Publicar modelo no workshop,Опублікувати модель у Workshop,Pubblica il modello nel workshop,เผยแพร่โมเดลไปยังเวิร์กช็อป,Modeli Atölyede Yayınla,Publicera Model to Workshop,Publikovať model do workshopu
MainMenu.Editor.WorkshopPublishPopup.Title.Character,Publish Character to Workshop,将角色发布至创意工坊,將角色發佈到創意工坊,Charakter im Workshop veröffentlichen,Publicar personaje en el taller,Publier un personnage dans l'atelier,Karakter közzététele a műhelyben,キャラクターをワークショップに公開する,창작마당에 캐릭터 게시,Публикация персонажа в Мастерской,Publicar personagem no workshop,Опублікувати персонажа в майстерні,Pubblica il personaggio nel Workshop,เผยแพร่ตัวละครไปยังเวิร์กชอป,Karakteri Atölyeye Yayınla,Publicera karaktär till verkstad,Publikovať postavu do dielne
MainMenu.Editor.WorkshopPublishPopup.UploadMode,Upload mode,上传方式,上傳方式,Upload-Modus,Modo de carga,Mode de téléchargement,Feltöltés mód,アップロードモード,업로드 모드,Режим загрузки,Modo de upload,Режим завантаження,Modalità di caricamento,โหมดอัพโหลด,Yükleme modu,Uppladdningsläge,Režim nahrávania
MainMenu.Editor.WorkshopPublishPopup.UploadMode.CreateNew,Create new item,创建新物品,建立新專案,Neues Element erstellen,Crear nuevo artículo,Créer un nouvel élément,Új elem létrehozása,新しいアイテムを作成する,새 항목 만들기,Создать новый элемент,Criar novo item,Створити новий елемент,Crea nuovo elemento,สร้างรายการใหม่,Yeni öğe oluştur,Skapa nytt objekt,Vytvorte novú položku
MainMenu.Editor.WorkshopPublishPopup.UploadMode.UpdateExisting,Update existing item,更新现有物品,更新現有項目,Vorhandenes Element aktualisieren,Actualizar elemento existente,Mettre à jour l'élément existant,Meglévő elem frissítése,既存のアイテムを更新する,기존 항목 업데이트,Обновить существующий элемент,Atualizar item existente,Оновити наявний елемент,Aggiorna l'elemento esistente,อัพเดตรายการที่มีอยู่,Mevcut öğeyi güncelle,Uppdatera befintligt objekt,Aktualizovať existujúcu položku
MainMenu.Editor.WorkshopPublishPopup.ItemtoUpdate,Item to update,需要更新的物品,要更新的項目,Zu aktualisierendes Element,Artículo para actualizar,Élément à mettre à jour,Frissítendő elem,更新する項目,업데이트할 항목,Элемент для обновления,Item a ser atualizado,Елемент для оновлення,Articolo da aggiornare,รายการที่จะอัปเดต,Güncellenecek öğe,Objekt att uppdatera,Položka na aktualizáciu
MainMenu.Editor.WorkshopPublishPopup.Field.Title,Title,标题,標題,Titel,Título,Titre,Cím,タイトル,제목,Заголовок,Título,Назва,Titolo,ชื่อ,Başlık,Titel,Názov
MainMenu.Editor.WorkshopPublishPopup.Field.Description,Description,描述,描述,Beschreibung,Descripción,Description,Leírás,説明,설명,Описание,Descrição,опис,Descrizione,คำอธิบาย,Tanım,Beskrivning,Popis
MainMenu.Editor.WorkshopPublishPopup.Field.Visibility,Visibility,可见性,能見度,Sichtweite,Visibilidad,Visibilité,Láthatóság,可視性,시계,Видимость,Visibilidade,Видимість,Visibilità,ทัศนวิสัย,Görünürlük,Synlighet,Viditeľnosť
MainMenu.Editor.WorkshopPublishPopup.Visibility.Public,Public,公开,民眾,Öffentlich,Público,Publique,Nyilvános,公共,공공의,Общественный,Público,Громадський,Pubblico,สาธารณะ,Halk,Offentlig,Verejné
MainMenu.Editor.WorkshopPublishPopup.Visibility.FriendsOnly,Friends Only,仅限好友,僅限朋友,Nur für Freunde,Sólo amigos,Amis seulement,Csak barátok,友達限定,친구만,Только друзья,Apenas amigos,Тільки друзі,Solo amici,เพื่อนเท่านั้น,Yalnızca Arkadaşlar,Endast vänner,Iba priatelia
MainMenu.Editor.WorkshopPublishPopup.Visibility.Private,Private,隐藏,私人的,Privat,Privado,Privé,Magán,プライベート,사적인,Частный,Privado,Приватний,Privato,ส่วนตัว,Özel,Privat,Súkromné
MainMenu.Editor.WorkshopPublishPopup.Visibility.Unlisted,Unlisted,非公开,未上市,Nicht gelistet,No estante en la lista,Non répertorié,Nem listázott,非上場,미등록,Нет в списке,Não listado,Не в списку,Non elencato,ไม่อยู่ในรายการ,Liste dışı,Onoterat,Neuvedené
MainMenu.Editor.WorkshopPublishPopup.Field.ChangeNote,Change note,改动说明,更改備註,Notiz ändern,Cambiar nota,Modifier la note,Jegyzet módosítása,変更メモ,메모 변경,Изменить примечание,Alterar nota,Змінити примітку,Cambia nota,เปลี่ยนบันทึก,Notu değiştir,Ändra anteckning,Zmeniť poznámku
MainMenu.Editor.WorkshopPublishPopup.Field.RequiredItems,Required Items (PublishedFileIds),必需物品（PublishedFileIds）,必需項目（PublishedFileIds）,Erforderliche Elemente (PublishedFileIds),Elementos necesarios (PublishedFileIds),Éléments requis (PublishedFileIds),Kötelező elemek (PublishedFileIds),必須項目 (PublishedFileIds),필수 항목(PublishedFileIds),Обязательные элементы (PublishedFileIds),Itens obrigatórios (PublishedFileIds),Необхідні елементи (PublishedFileIds),Elementi richiesti (PublishedFileId),รายการที่จำเป็น (PublishedFileIds),Gerekli Öğeler (Yayınlanan Dosya Kimlikleri),Obligatoriska objekt (PublishedFileIds),Požadované položky (PublishedFileIds)
MainMenu.Editor.WorkshopPublishPopup.Field.PreviewImagePath,Preview image (PNG/JPG path),预览图像（PNG/JPG 路径）,預覽影像（PNG/JPG 路徑）,Vorschaubild (PNG/JPG-Pfad),Imagen de vista previa (ruta PNG/JPG),Image d'aperçu (chemin PNG/JPG),Előnézeti kép (PNG/JPG elérési út),プレビュー画像 (PNG/JPG パス),미리보기 이미지(PNG/JPG 경로),Изображение для предварительного просмотра (путь PNG/JPG),Imagem de visualização (caminho PNG/JPG),Попередній перегляд зображення (шлях PNG/JPG),Immagine di anteprima (percorso PNG/JPG),ภาพตัวอย่าง (เส้นทาง PNG/JPG),Önizleme resmi (PNG/JPG yolu),Förhandsgranska bild (PNG/JPG sökväg),Náhľad obrázka (cesta PNG/JPG)
MainMenu.Editor.WorkshopPublishPopup.Button.Publish,Publish,发布,發布,Veröffentlichen,Publicar,Publier,Közzététel,公開,게시,Публиковать,Publicar,Опублікувати,Pubblicare,เผยแพร่,Yayınla,Publicera,Publikovať
MainMenu.Editor.WorkshopPublishPopup.Button.Cancel,Cancel,取消,取消,Stornieren,Cancelar,Annuler,Mégse,キャンセル,취소,Отмена,Cancelar,Скасувати,Cancellare,ยกเลิก,İptal etmek,Avboka,Zrušiť
MainMenu.Editor.WorkshopPublishPopup.Picker.Loading,(loading...),（加载中...）,(載入中...),(Laden...),(cargando...),(chargement...),(terhelés...),(読み込み中...),(로드 중...),(загрузка...),(carregando...),(завантаження...),(caricamento...),(กำลังโหลด...),(yükleniyor...),(belastning...),(načítava sa...)
MainMenu.Editor.WorkshopPublishPopup.Picker.NoPublishedItems,(no published items),（没有发布过的物品）,（沒有發表過的文章）,(keine veröffentlichten Artikel),(no hay artículos publicados),(aucun élément publié),(nincs közzétett cikk),(掲載アイテムはありません),(게시된 항목 없음),(нет опубликованных материалов),(sem itens publicados),(немає опублікованих елементів),(nessun articolo pubblicato),(ไม่มีรายการเผยแพร่),(yayınlanmış öğe yok),(inga publicerade föremål),(žiadne zverejnené položky)
MainMenu.Editor.WorkshopPublishPopup.Picker.SteamNotReady,(Steam not ready),（Steam未准备好）,（蒸氣未準備好）,(Steam nicht bereit),(El vapor no está listo),(La vapeur n'est pas prête),(A Steam nincs kész),(スチームの準備ができていません),(스팀이 준비되지 않았습니다),(Пар не готов),(Vapor não está pronto),(Steam не готовий),(Vapore non pronto),(ไอน้ำไม่พร้อม),(Buhar hazır değil),(Steam inte redo),(Steam nie je pripravený)
MainMenu.Editor.WorkshopPublishPopup.Status.WaitingForSteamMetadata,Waiting for Steam metadata...,正在等待 Steam 元数据...,正在等待 Steam 元數據...,Warten auf Steam-Metadaten...,Esperando metadatos de Steam...,En attente des métadonnées Steam...,Várakozás a Steam metaadatokra...,Steam メタデータを待っています...,Steam 메타데이터를 기다리는 중...,Ожидание метаданных Steam...,Aguardando metadados do Steam...,Очікування метаданих Steam...,In attesa dei metadati di Steam...,กำลังรอข้อมูลเมตาของ Steam...,Steam meta verileri bekleniyor...,Väntar på Steam-metadata...,Čaká sa na metadáta Steam...
MainMenu.Editor.WorkshopPublishPopup.Status.SelectItemToUpdate,Select a published Workshop item to update.,请选择要更新的已发布创意工坊物品。,選擇要更新的已發布創意工坊專案。,Wählen Sie ein veröffentlichtes Workshop-Element zum Aktualisieren aus.,Seleccione un elemento de Workshop publicado para actualizar.,Sélectionnez un élément d'atelier publié à mettre à jour.,Válasszon ki egy frissíteni kívánt műhelyelemet.,更新する公開済みのワークショップ アイテムを選択します。,업데이트할 게시된 창작마당 항목을 선택하세요.,Выберите опубликованный элемент Мастерской для обновления.,Selecione um item publicado do Workshop para atualizar.,Виберіть опублікований елемент Workshop для оновлення.,Seleziona un elemento del Workshop pubblicato da aggiornare.,เลือกรายการเวิร์กชอปที่เผยแพร่เพื่ออัปเดต,Güncellemek için yayınlanmış bir Atölye öğesini seçin.,Välj ett publicerat verkstadsobjekt att uppdatera.,"Vyberte publikovanú položku Workshopu, ktorú chcete aktualizovať."
MainMenu.Editor.WorkshopPublishPopup.Status.TitleRequired,Title is required.,标题为必填项。,標題為必填項。,Titel ist erforderlich.,Se requiere título.,Le titre est requis.,A cím kötelező.,タイトルは必須です。,제목이 필요합니다.,Необходимо указать название.,O título é obrigatório.,Необхідно вказати назву.,Il titolo è obbligatorio.,ต้องระบุชื่อเรื่อง,Başlık gerekli.,Titel krävs.,Vyžaduje sa názov.
MainMenu.Editor.WorkshopPublishPopup.Status.FixPreviewBeforePublishing,Fix the preview image before publishing.,发布前请修复预览图像。,發布前修復預覽影像。,Korrigieren Sie das Vorschaubild vor der Veröffentlichung.,Corrige la imagen de vista previa antes de publicarla.,Corrigez l'image d'aperçu avant de publier.,Közzététel előtt javítsa ki az előnézeti képet.,公開する前にプレビュー画像を修正してください。,게시하기 전에 미리보기 이미지를 수정하세요.,Исправьте изображение предварительного просмотра перед публикацией.,Corrija a imagem de visualização antes de publicar.,Виправте зображення попереднього перегляду перед публікацією.,Correggi l'immagine di anteprima prima della pubblicazione.,แก้ไขภาพตัวอย่างก่อนที่จะเผยแพร่,Yayınlamadan önce önizleme görüntüsünü düzeltin.,Fixa förhandsgranskningsbilden innan publicering.,Pred zverejnením opravte obrázok ukážky.
MainMenu.Editor.WorkshopPublishPopup.Status.CreatingItem,Creating Workshop item...,正在创建创意工坊物品...,正在創建創意工坊專案...,Workshop-Element wird erstellt...,Creando elemento de taller...,Création d'un élément d'atelier...,Workshop elem létrehozása...,ワークショップアイテムを作成中...,창작마당 아이템 생성 중...,Создание предмета Мастерской...,Criando item da Oficina...,Створення елемента майстерні...,Creazione oggetto del Workshop...,กำลังสร้างรายการเวิร์กชอป...,Atölye öğesi oluşturuluyor...,Skapar verkstadsobjekt...,Vytvára sa dielenská položka...
MainMenu.Editor.WorkshopPublishPopup.Status.UploadingItem,Uploading Workshop item...,正在上传创意工坊物品...,正在上傳創意工坊專案...,Workshop-Artikel wird hochgeladen...,Subiendo elemento del taller...,Téléchargement de l'élément d'atelier...,Workshop elem feltöltése...,ワークショップアイテムをアップロードしています...,창작마당 항목 업로드 중...,Загрузка предмета Мастерской...,Carregando item da Oficina...,Завантаження предмета майстерні...,Caricamento elemento del Workshop...,กำลังอัปโหลดรายการเวิร์กชอป...,Atölye öğesi yükleniyor...,Laddar upp verkstadsobjekt...,Nahráva sa položka workshopu...
MainMenu.Editor.WorkshopPublishPopup.Status.PreviewNotFound,Preview image file not found.,未找到预览图像文件。,未找到預覽圖像檔案。,Vorschaubilddatei nicht gefunden.,Archivo de imagen de vista previa no encontrado.,Fichier image d'aperçu introuvable.,Az előnézeti képfájl nem található.,プレビュー画像ファイルが見つかりません。,미리보기 이미지 파일을 찾을 수 없습니다.,Файл изображения предварительного просмотра не найден.,Arquivo de imagem de visualização não encontrado.,Файл попереднього перегляду зображення не знайдено.,File immagine di anteprima non trovato.,ไม่พบไฟล์ภาพตัวอย่าง,Önizleme resim dosyası bulunamadı.,Förhandsgranskningsbildfilen hittades inte.,Súbor s ukážkou obrázka sa nenašiel.
MainMenu.Editor.WorkshopPublishPopup.Status.PreviewInvalidFormat,"Preview image must be a PNG, JPG, or GIF.",预览图像必须是 PNG、JPG 或 GIF。,預覽影像必須是 PNG、JPG 或 GIF。,"Das Vorschaubild muss im PNG-, JPG- oder GIF-Format vorliegen.","La imagen de vista previa debe ser PNG, JPG o GIF.","L’image d’aperçu doit être au format PNG, JPG ou GIF.","Az előnézeti képnek PNG, JPG vagy GIF formátumúnak kell lennie.",プレビュー画像は PNG、JPG、または GIF である必要があります。,"미리보기 이미지는 PNG, JPG 또는 GIF여야 합니다.","Изображение для предварительного просмотра должно быть в формате PNG, JPG или GIF.","A imagem de visualização deve ser PNG, JPG ou GIF.","Зображення попереднього перегляду має бути у форматі PNG, JPG або GIF.","L'immagine di anteprima deve essere PNG, JPG o GIF.","รูปภาพตัวอย่างต้องเป็น PNG, JPG หรือ GIF","Önizleme resmi PNG, JPG veya GIF olmalıdır.","Förhandsgranskningsbilden måste vara en PNG, JPG eller GIF.","Obrázok ukážky musí byť vo formáte PNG, JPG alebo GIF."
MainMenu.Editor.WorkshopPublishPopup.Status.PreviewTooLarge,Preview image must be 1 MB or smaller (currently {0} KB).,预览图像必须为 1 MB 或更小（当前为 {0} KB）。,預覽影像必須為 1 MB 或更小（目前為 {0} KB）。,Das Vorschaubild darf maximal 1 MB groß sein (derzeit {0} KB).,La imagen de vista previa debe tener 1 MB o menos (actualmente {0} KB).,L'image d'aperçu doit faire 1 Mo ou moins (actuellement {0} Ko).,Az előnézeti kép 1 MB vagy kisebb lehet (jelenleg {0} KB).,プレビュー画像は 1 MB 以下である必要があります (現在は {0} KB)。,미리보기 이미지는 1MB(현재 {0}KB) 이하여야 합니다.,Размер изображения для предварительного просмотра должен составлять 1 МБ или меньше (сейчас {0} КБ).,A imagem de visualização deve ter 1 MB ou menos (atualmente {0} KB).,Розмір попереднього зображення має бути 1 МБ або менше (наразі {0} КБ).,L'immagine di anteprima deve essere di 1 MB o più piccola (attualmente {0} KB).,รูปภาพตัวอย่างต้องมีขนาด 1 MB หรือเล็กกว่า (ปัจจุบันคือ {0} KB),Önizleme resmi 1 MB veya daha küçük olmalıdır (şu anda {0} KB).,Förhandsgranskningsbilden måste vara 1 MB eller mindre (för närvarande {0} KB).,Obrázok ukážky musí mať veľkosť 1 MB alebo menej (momentálne {0} KB).
MainMenu.Editor.WorkshopPublishPopup.Status.PreviewReadFailed,Failed to read preview image: {0},无法读取预览图像：{0},無法讀取預覽影像：{0},Vorschaubild konnte nicht gelesen werden: {0},No se pudo leer la imagen de vista previa: {0},Échec de la lecture de l'image d'aperçu : {0},Nem sikerült beolvasni az előnézeti képet: {0},プレビュー画像の読み取りに失敗しました: {0},미리보기 이미지를 읽지 못했습니다: {0},Не удалось прочитать изображение предварительного просмотра: {0},Falha ao ler a imagem de visualização: {0},Не вдалося прочитати зображення попереднього перегляду: {0},Impossibile leggere l'immagine di anteprima: {0},ไม่สามารถอ่านภาพตัวอย่าง: {0},Önizleme resmi okunamadı: {0},Det gick inte att läsa förhandsgranskningsbilden: {0},Nepodarilo sa prečítať obrázok ukážky: {0}
MainMenu.Editor.WorkshopPublishPopup.Status.PreviewDecodeFailed,Preview image could not be decoded.,无法解码预览图像。,無法解碼預覽影像。,Vorschaubild konnte nicht dekodiert werden.,La imagen de vista previa no se pudo decodificar.,L'image d'aperçu n'a pas pu être décodée.,Az előnézeti kép nem dekódolható.,プレビュー画像をデコードできませんでした。,미리보기 이미지를 디코딩할 수 없습니다.,Изображение предварительного просмотра не удалось декодировать.,A imagem de visualização não pôde ser decodificada.,Не вдалося декодувати зображення попереднього перегляду.,Impossibile decodificare l'immagine di anteprima.,ไม่สามารถถอดรหัสภาพตัวอย่างได้,Önizleme görüntüsünün kodu çözülemedi.,Förhandsgranskningsbilden kunde inte avkodas.,Obrázok ukážky sa nepodarilo dekódovať.
MainMenu.Editor.WorkshopPublishPopup.Status.RequiredIdInvalid,Required PublishedFileId is invalid: {0},所需的 PublishedFileId 无效：{0},所需的 PublishedFileId 無效：{0},Erforderliche PublishedFileId ist ungültig: {0},El PublishedFileId requerido no es válido: {0},L'ID de fichier publié requis n'est pas valide : {0},A kötelező PublishedFileId érvénytelen: {0},必須の PublishedFileId が無効です: {0},필수 PublishedFileId가 잘못되었습니다: {0},Требуемый PublishedFileId недействителен: {0}.,Required PublishedFileId is invalid: {0},Необхідний PublishedFileId недійсний: {0},PublishedFileId obbligatorio non è valido: {0},PublishedFileId ที่จำเป็นไม่ถูกต้อง: {0},Gerekli PublishedFileId geçersiz: {0},Obligatoriskt PublishedFileId är ogiltigt: {0},Povinné PublishedFileId je neplatné: {0}
MainMenu.Editor.WorkshopPublishPopup.Status.SteamNotInitialized,Steam is not initialized.,Steam 未初始化。,Steam 未初始化。,Steam ist nicht initialisiert.,Steam no está inicializado.,Steam n'est pas initialisé.,A Steam nincs inicializálva.,Steamが初期化されていません。,스팀이 초기화되지 않았습니다.,Steam не инициализируется.,O Steam não foi inicializado.,Steam не ініціалізовано.,Steam non è inizializzato.,Steam ไม่ได้ถูกเตรียมใช้งาน,Steam başlatılmadı.,Steam initieras inte.,Steam nie je inicializovaný.
MainMenu.Editor.WorkshopPublishPopup.Status.UploadSucceeded,Workshop item uploaded: {0},上传的创意工坊物品：{0},上傳的創意工坊專案：{0},Workshop-Artikel hochgeladen: {0},Artículo del taller subido: {0},Élément d'atelier téléchargé : {0},Műhelyelem feltöltve: {0},ワークショップ アイテムがアップロードされました: {0},업로드된 창작마당 항목: {0},Загружен предмет мастерской: {0},Item da oficina enviado: {0},Завантажено предмет майстерні: {0},Articolo del workshop caricato: {0},อัปโหลดรายการเวิร์กชอป: {0},Atölye öğesi yüklendi: {0},Verkstadsobjekt laddat upp: {0},Odovzdaná položka workshopu: {0}
MainMenu.Editor.WorkshopPublishPopup.Status.TempFolderModified,Publish staging files were modified. Close this dialog and publish again.,发布暂存文件被修改。关闭此对话框并再次发布。,發布暫存文件已修改。關閉此對話框並再次發布。,Die Veröffentlichungs-Stagingdateien wurden geändert. Schließen Sie dieses Dialogfeld und veröffentlichen Sie es erneut.,Se modificaron los archivos provisionales de publicación. Cierre este cuadro de diálogo y publíquelo nuevamente.,Les fichiers de préparation de publication ont été modifiés. Fermez cette boîte de dialogue et publiez à nouveau.,"A közzétételi staging fájlok módosultak. Zárja be ezt a párbeszédpanelt, és tegye közzé újra.",パブリッシュステージングファイルが変更されました。このダイアログを閉じて、再度公開します。,게시 준비 파일이 수정되었습니다. 이 대화 상자를 닫고 다시 게시하세요.,Промежуточные файлы публикации были изменены. Закройте это диалоговое окно и опубликуйте снова.,Os arquivos de teste de publicação foram modificados. Feche esta caixa de diálogo e publique novamente.,Постановчі файли публікації змінено. Закрийте це діалогове вікно та опублікуйте знову.,I file di staging di pubblicazione sono stati modificati. Chiudi questa finestra di dialogo e pubblica di nuovo.,ไฟล์การจัดเตรียมการเผยแพร่ได้รับการแก้ไขแล้ว ปิดกล่องโต้ตอบนี้แล้วเผยแพร่อีกครั้ง,Yayınlama hazırlama dosyaları değiştirildi. Bu iletişim kutusunu kapatın ve yeniden yayınlayın.,Publicera mellanlagringsfiler har ändrats. Stäng den här dialogrutan och publicera igen.,Publikovať prípravné súbory boli upravené. Zatvorte toto dialógové okno a zverejnite ho znova.
MainMenu.Editor.WorkshopPublishPopup.Status.ValidatingRequiredItems,Verifying required Workshop items...,正在验证所需的创意工坊物品...,正在驗證所需的創意工坊物品...,Erforderliche Workshop-Artikel werden überprüft...,Verificando los elementos de taller requeridos...,Vérification des éléments requis de l'atelier...,Szükséges műhelyelemek ellenőrzése...,ワークショップに必要なアイテムを確認しています...,필수 창작마당 항목을 확인하는 중...,Проверка необходимых предметов Мастерской...,Verificando itens obrigatórios da Oficina...,Перевірка необхідних предметів майстерні...,Verifica degli articoli del Workshop richiesti...,กำลังตรวจสอบรายการเวิร์กชอปที่จำเป็น...,Gerekli Atölye öğeleri doğrulanıyor...,Verifierar obligatoriska verkstadsobjekt...,Overujú sa požadované položky workshopu...
MainMenu.Editor.WorkshopPublishPopup.Status.RequiredIdsQueryFailed,Failed to verify required Workshop items.,无法验证所需的创意工坊物品。,無法驗證所需的創意工坊物品。,Die erforderlichen Workshop-Artikel konnten nicht überprüft werden.,No se pudieron verificar los artículos requeridos del taller.,Échec de la vérification des éléments requis de l'atelier.,Nem sikerült ellenőrizni a szükséges műhelyelemeket.,ワークショップに必要なアイテムを確認できませんでした。,필수 창작마당 아이템을 확인하지 못했습니다.,Не удалось проверить необходимые предметы Мастерской.,Falha ao verificar os itens obrigatórios da Oficina.,Не вдалося перевірити необхідні елементи майстерні.,Impossibile verificare gli articoli del Workshop richiesti.,ไม่สามารถตรวจสอบรายการเวิร์กชอปที่จำเป็นได้,Gerekli Atölye öğeleri doğrulanamadı.,Det gick inte att verifiera obligatoriska verkstadsartiklar.,Nepodarilo sa overiť požadované položky workshopu.
MainMenu.Editor.WorkshopPublishPopup.Status.RequiredIdNotFound,Workshop item {0} was not found or is not accessible.,找不到或无法访问创意工坊项目 {0}。,找不到或無法存取創意工坊項目 {0}。,Workshop-Artikel {0} wurde nicht gefunden oder ist nicht zugänglich.,El elemento del taller {0} no se encontró o no se puede acceder a él.,L'élément d'atelier {0} n'a pas été trouvé ou n'est pas accessible.,A(z) {0} műhelyelem nem található vagy nem érhető el.,ワークショップ アイテム {0} が見つからないか、アクセスできません。,창작마당 항목 {0}을(를) 찾을 수 없거나 액세스할 수 없습니다.,Объект мастерской {0} не найден или недоступен.,O item da oficina {0} não foi encontrado ou não está acessível.,Елемент майстерні {0} не знайдено або недоступний.,L'elemento del workshop {0} non è stato trovato o non è accessibile.,ไม่พบรายการเวิร์กชอป {0} หรือไม่สามารถเข้าถึงได้,Atölye öğesi {0} bulunamadı veya erişilemiyor.,Verkstadsobjektet {0} hittades inte eller är inte tillgängligt.,Položka workshopu {0} sa nenašla alebo nie je prístupná.
MainMenu.Editor.WorkshopPublishPopup.Status.RequiredIdWrongApp,Workshop item {0} does not belong to this app.,创意工坊项目 {0} 不属于此应用程序。,創意工坊專案 {0} 不屬於此應用程式。,Workshop-Artikel {0} gehört nicht zu dieser App.,El artículo del taller {0} no pertenece a esta aplicación.,L'élément d'atelier {0} n'appartient pas à cette application.,A(z) {0} műhelyelem nem ehhez az alkalmazáshoz tartozik.,ワークショップ アイテム {0} はこのアプリに属していません。,창작마당 항목 {0}은(는) 이 앱에 속하지 않습니다.,Объект мастерской {0} не принадлежит этому приложению.,O item da oficina {0} não pertence a este aplicativo.,Елемент майстерні {0} не належить до цієї програми.,L'articolo del workshop {0} non appartiene a questa app.,รายการเวิร์กชอป {0} ไม่ได้เป็นของแอปนี้,Atölye öğesi {0} bu uygulamaya ait değil.,Verkstadsobjektet {0} tillhör inte den här appen.,Položka workshopu {0} nepatrí do tejto aplikácie.
MainMenu.Editor.WorkshopPublishPopup.Status.ViewportCaptureFailed,Viewport capture failed: {0},视口捕获失败：{0},視窗捕獲失敗：{0},Ansichtsfenstererfassung fehlgeschlagen: {0},Error en la captura de la ventana gráfica: {0},Échec de la capture de la fenêtre : {0},A nézetablak rögzítése nem sikerült: {0},ビューポートのキャプチャに失敗しました: {0},뷰포트 캡처 실패: {0},Не удалось захватить область просмотра: {0},Falha na captura da janela de visualização: {0},Помилка захоплення області перегляду: {0},Acquisizione del viewport non riuscita: {0},การบันทึกวิวพอร์ตล้มเหลว: {0},Görünüm yakalama başarısız oldu: {0},Viewport-fångst misslyckades: {0},Snímanie výrezu zlyhalo: {0}
MainMenu.Editor.WorkshopPublishPopup.Status.ViewportCaptureSucceeded,Preview captured from viewport.,从视口捕获预览图像。,從視窗捕獲的預覽。,Vorschau aus dem Ansichtsfenster aufgenommen.,Vista previa capturada desde la ventana gráfica.,Aperçu capturé depuis la fenêtre.,A nézetablakból rögzített előnézet.,ビューポートからキャプチャされたプレビュー。,뷰포트에서 캡처된 미리보기입니다.,Предварительный просмотр сделан из видового экрана.,Visualização capturada da viewport.,Попередній перегляд зроблено з вікна перегляду.,Anteprima catturata dal viewport.,ดูตัวอย่างที่ถ่ายจากวิวพอร์ต,Görünüm alanından çekilen önizleme.,Förhandsvisning fångad från viewport.,Náhľad zachytený z výrezu.
MainMenu.Editor.FileNameValidation.Label.Character,Character name,角色名称,角色名稱,Charaktername,Nombre del personaje,Nom du personnage,Karakter neve,キャラクター名,캐릭터 이름,Имя персонажа,Nome do personagem,Ім'я персонажа,Nome del personaggio,ชื่อตัวละคร,Karakter adı,Karaktärens namn,Meno postavy
MainMenu.Editor.FileNameValidation.Label.Scene,Scene name,场景名称,場景名稱,Szenenname,Nombre de la escena,Nom de la scène,A jelenet neve,シーン名,장면 이름,Название сцены,Nome da cena,Назва сцени,Nome della scena,ชื่อฉาก,Sahne adı,Scennamn,Názov scény
MainMenu.Editor.FileNameValidation.Label.SceneList,Scene list name,场景列表名称,場景清單名稱,Name der Szenenliste,Nombre de la lista de escenas,Nom de la liste de scènes,Jelenetlista neve,シーンリスト名,장면 목록 이름,Название списка сцен,Nome da lista de cenas,Назва списку сцен,Nome dell'elenco delle scene,ชื่อรายการฉาก,Sahne listesi adı,Scenlistans namn,Názov zoznamu scén
MainMenu.Editor.FileNameValidation.Empty,{0} cannot be empty.,{0} 不能为空。,{0} 不能為空。,{0} darf nicht leer sein.,{0} no puede estar vacío.,{0} ne peut pas être vide.,A(z) {0} nem lehet üres.,{0} を空にすることはできません。,{0}은(는) 비워둘 수 없습니다.,{0} не может быть пустым.,{0} não pode estar vazio.,{0} не може бути порожнім.,{0} non può essere vuoto.,{0} ไม่สามารถเว้นว่างได้,{0} boş olamaz.,{0} får inte vara tom.,{0} nemôže byť prázdne.
MainMenu.Editor.FileNameValidation.TooLong,{0} cannot exceed {1} characters.,{0} 不能超过 {1} 个字符。,{0} 不能超過 {1} 個字元。,{0} darf nicht länger als {1} Zeichen sein.,{0} no puede exceder los {1} caracteres.,{0} ne peut pas dépasser {1} caractères.,A {0} nem haladhatja meg a {1} karaktert.,{0} は {1} 文字を超えることはできません。,{0}은(는) {1}자를 초과할 수 없습니다.,{0} не может превышать {1} символов.,{0} não pode exceder {1} caracteres.,{0} не може перевищувати {1} символів.,{0} non può contenere più di {1} caratteri.,{0} ต้องไม่เกิน {1} อักขระ,"{0}, {1} karakteri aşamaz.",{0} får inte överstiga {1} tecken.,{0} nemôže presiahnuť {1} znakov.
MainMenu.Editor.FileNameValidation.InvalidCharacter,{0} cannot contain '{1}'.,{0} 不能包含“{1}”。,{0} 不能包含「{1}」。,{0} darf „{1}“ nicht enthalten.,{0} no puede contener '{1}'.,{0} ne peut pas contenir '{1}'.,A(z) {0} nem tartalmazhatja a következőt: „{1}”.,{0} に「{1}」を含めることはできません。,{0}은 '{1}'을(를) 포함할 수 없습니다.,{0} не может содержать '{1}'.,{0} não pode conter '{1}'.,"{0} не може містити ""{1}"".",{0} non può contenere '{1}'.,{0} ไม่สามารถมี '{1}',"{0}, '{1}' içeremez.",{0} kan inte innehålla '{1}'.,{0} nemôže obsahovať '{1}'.
MainMenu.Editor.FileNameValidation.WindowsReserved,'{1}' is a reserved name and cannot be used.,“{1}”是系统保留关键词，不能使用。,“{1}”是保留名稱，不能使用。,„{1}“ ist ein reservierter Name und kann nicht verwendet werden.,'{1}' es un nombre reservado y no se puede utilizar.,'{1}' est un nom réservé et ne peut pas être utilisé.,"A „{1}” egy lefoglalt név, és nem használható.",'{1}' は予約された名前なので使用できません。,'{1}'은(는) 예약된 이름이므로 사용할 수 없습니다.,"'{1}' — зарезервированное имя, и его нельзя использовать.",'{1}' é um nome reservado e não pode ser usado.,"""{1}"" є зарезервованою назвою, і її не можна використовувати.",'{1}' è un nome riservato e non può essere utilizzato.,'{1}' เป็นชื่อที่สงวนไว้และไม่สามารถใช้ได้,'{1}' ayrılmış bir addır ve kullanılamaz.,'{1}' är ett reserverat namn och kan inte användas.,'{1}' je vyhradený názov a nemožno ho použiť.
MainMenu.Editor.FileNameValidation.AppReserved,'{1}' is reserved and cannot be used as {0}.,“{1}”是保留关键词，不能用作 {0}。,「{1}」已保留，不能用作 {0}。,„{1}“ ist reserviert und kann nicht als {0} verwendet werden.,'{1}' está reservado y no se puede utilizar como {0}.,'{1}' est réservé et ne peut pas être utilisé comme {0}.,"""{1}"" le van foglalva, és nem használható {0} néven.",「{1}」は予約されているため、{0} として使用できません。,'{1}'은(는) 예약되어 있어 {0}으로 사용할 수 없습니다.,'{1}' зарезервирован и не может использоваться как {0}.,'{1}' é reservado e não pode ser usado como {0}.,'{1}' зарезервовано і не може використовуватися як {0}.,'{1}' è riservato e non può essere utilizzato come {0}.,'{1}' ถูกสงวนไว้และไม่สามารถใช้เป็น {0},'{1}' ayrılmıştır ve {0} olarak kullanılamaz.,'{1}' är reserverad och kan inte användas som {0}.,'{1}' je rezervovaný a nemôže byť použitý ako {0}.
MainMenu.Editor.FileNameValidation.EndsWithDot,{0} cannot end with a dot.,{0} 不能以点结尾。,{0} 不能以點結尾。,{0} darf nicht mit einem Punkt enden.,{0} no puede terminar con un punto.,{0} ne peut pas se terminer par un point.,A(z) {0} nem végződhet ponttal.,{0} をドットで終わらせることはできません。,{0}은(는) 점으로 끝날 수 없습니다.,{0} не может заканчиваться точкой.,{0} não pode terminar com ponto.,{0} не може закінчуватися крапкою.,{0} non può terminare con un punto.,{0} ไม่สามารถลงท้ายด้วยจุดได้,{0} noktayla bitemez.,{0} kan inte sluta med en punkt.,{0} nemôže končiť bodkou.
MainMenu.Editor.FileNameValidation.DuplicateInList,A {0} with this name already exists in the list.,列表中已存在同名的 {0}。,清單中已存在具有此名稱的 {0}。,Ein {0} mit diesem Namen ist bereits in der Liste vorhanden.,Ya existe un {0} con este nombre en la lista.,Un {0} portant ce nom existe déjà dans la liste.,Az ilyen nevű {0} már létezik a listában.,この名前の {0} はリスト内にすでに存在します。,이 이름을 가진 {0}이(가) 이미 목록에 있습니다.,{0} с таким именем уже существует в списке.,Já existe um {0} com este nome na lista.,{0} із такою назвою вже існує в списку.,Nell'elenco esiste già un {0} con questo nome.,มี {0} ที่มีชื่อนี้อยู่แล้วในรายการ,Bu adda bir {0} zaten listede mevcut.,En {0} med detta namn finns redan i listan.,{0} s týmto názvom už v zozname existuje.
MainMenu.Editor.Confirmation.Label.Character,Character,角色,角色,Charakter,Personaje,Personnage,Karakter,キャラクター,성격,Характер,Personagem,персонаж,Carattere,อักขระ,Karakter,Karaktär,Charakter
MainMenu.Editor.Confirmation.Label.Scene,Scene,场景,場景,Szene,Escena,Scène,Színhely,シーン,장면,Сцена,Cena,Сцена,Scena,ฉาก,Sahne,Scen,Scéna
MainMenu.Editor.Confirmation.Label.SceneList,Scene list,场景列表,場景列表,Szenenliste,Lista de escenas,Liste des scènes,Jelenetek listája,シーンリスト,장면 목록,Список сцен,Lista de cenas,Список сцен,Elenco delle scene,รายการฉาก,Sahne listesi,Scenlista,Zoznam scén
MainMenu.Editor.DeleteConfirmation,"Are you sure you want to delete {0} ""{1}""? This action cannot be undone.",您确定要删除 {0}“{1}”吗？此操作无法撤消。,您確定要刪除 {0}“{1}”嗎？此操作無法撤銷。,"Sind Sie sicher, dass Sie {0} „{1}“ löschen möchten? Diese Aktion kann nicht rückgängig gemacht werden.","¿Está seguro de que desea eliminar {0} ""{1}""? Esta acción no se puede deshacer.","Êtes-vous sûr de vouloir supprimer {0} ""{1}"" ? Cette action ne peut pas être annulée.","Biztosan törli a következőt: {0} ""{1}""? Ez a művelet nem vonható vissza.",{0}「{1}」を削除してもよろしいですか?この操作は元に戻すことができません。,"{0} ""{1}""을(를) 삭제하시겠습니까? 이 작업은 취소할 수 없습니다.","Вы уверены, что хотите удалить {0} ""{1}""? Это действие невозможно отменить.","Tem certeza de que deseja excluir {0} ""{1}""? Esta ação não pode ser desfeita.","Ви впевнені, що бажаєте видалити {0} ""{1}""? Цю дію не можна скасувати.","Sei sicuro di voler eliminare {0} ""{1}""? Questa azione non può essere annullata.","คุณแน่ใจหรือไม่ว่าต้องการลบ {0} ""{1}"" การดำเนินการนี้ไม่สามารถยกเลิกได้","{0} ""{1}"" dosyasını silmek istediğinizden emin misiniz? Bu eylem geri alınamaz.","Är du säker på att du vill ta bort {0} ""{1}""? Denna åtgärd kan inte ångras.",Naozaj chcete odstrániť {0} „{1}“? Túto akciu nie je možné vrátiť späť.
MainMenu.Editor.OverwriteExistingConfirmation,"{0} ""{1}"" already exist. Are you sure you want to overwrite {0} ""{1}""? This action cannot be undone.",{0}“{1}”已存在。您确定要覆盖 {0}“{1}”吗？此操作无法撤消。,{0}“{1}”已存在。您確定要覆蓋 {0}“{1}”嗎？此操作無法撤銷。,"{0} „{1}“ existiert bereits. Sind Sie sicher, dass Sie {0} „{1}“ überschreiben möchten? Diese Aktion kann nicht rückgängig gemacht werden.","{0} ""{1}"" ya existe. ¿Está seguro de que desea sobrescribir {0} ""{1}""? Esta acción no se puede deshacer.","{0} ""{1}"" existe déjà. Êtes-vous sûr de vouloir remplacer {0} ""{1}"" ? Cette action ne peut pas être annulée.","{0} ""{1}"" már létezik. Biztosan felül szeretné írni a következőt: {0} ""{1}""? Ez a művelet nem vonható vissza.",{0}「{1}」はすでに存在します。 {0}「{1}」を上書きしてもよろしいですか?この操作は元に戻すことができません。,"{0} ""{1}""이(가) 이미 존재합니다. {0} ""{1}""을(를) 덮어쓰시겠습니까? 이 작업은 취소할 수 없습니다.","{0} ""{1}"" уже существует. Вы уверены, что хотите перезаписать {0} ""{1}""? Это действие невозможно отменить.","{0} ""{1}"" já existe. Tem certeza de que deseja substituir {0} ""{1}""? Esta ação não pode ser desfeita.","{0} ""{1}"" уже існує. Ви впевнені, що бажаєте перезаписати {0} ""{1}""? Цю дію не можна скасувати.","{0} ""{1}"" esiste già. Sei sicuro di voler sovrascrivere {0} ""{1}""? Questa azione non può essere annullata.","{0} ""{1}"" มีอยู่แล้ว คุณแน่ใจหรือไม่ว่าต้องการเขียนทับ {0} ""{1}"" การดำเนินการนี้ไม่สามารถยกเลิกได้","{0} ""{1}"" zaten mevcut. {0} ""{1}"" öğesinin üzerine yazmak istediğinizden emin misiniz? Bu eylem geri alınamaz.","{0} ""{1}"" finns redan. Är du säker på att du vill skriva över {0} ""{1}""? Denna åtgärd kan inte ångras.",{0} „{1}“ už existuje. Naozaj chcete prepísať {0} „{1}“? Túto akciu nie je možné vrátiť späť.
MainMenu.Editor.OverwriteSelectedConfirmation,"A {0} ""{1}"" is selected. Overwrite it or Create a new entry?",选择了 {0}“{1}”。覆盖它还是创建一个新条目？,選擇了 {0}“{1}”。覆蓋它還是建立一個新條目？,Ein {0} „{1}“ ist ausgewählt. Überschreiben oder einen neuen Eintrag erstellen?,"Se selecciona un {0} ""{1}"". ¿Sobrescribirlo o crear una nueva entrada?","Un {0} ""{1}"" est sélectionné. L'écraser ou créer une nouvelle entrée ?","Egy {0} ""{1}"" van kiválasztva. Felülírja vagy új bejegyzést hoz létre?",{0}「{1}」が選択されています。上書きしますか、それとも新しいエントリを作成しますか?,"{0} ""{1}""이(가) 선택되었습니다. 덮어쓰시겠습니까, 아니면 새 항목을 만드시겠습니까?","Выбран {0} ""{1}"". Перезаписать или создать новую запись?","Um {0} ""{1}"" está selecionado. Substituir ou criar uma nova entrada?","Вибрано {0} ""{1}"". Перезаписати чи створити новий запис?","È selezionato un {0} ""{1}"". Sovrascriverlo o creare una nuova voce?","เลือก {0} ""{1}"" แล้ว เขียนทับหรือสร้างรายการใหม่?","Bir {0} ""{1}"" seçildi. Üzerine yazmak mı yoksa yeni bir giriş mi oluşturmak istiyorsunuz?","Ett {0} ""{1}"" har valts. Skriv över den eller skapa en ny post?",Je vybratá položka {0} „{1}“. Prepísať ho alebo vytvoriť nový záznam?
MainMenu.Editor.OverwriteConfirmation.Overwrite,Overwrite,覆盖,覆蓋,Überschreiben,Exagerar,Écraser,Átír,上書き,덮어쓰기,Перезаписать,Substituir,Перезаписати,Sovrascrivi,เขียนทับ,Üzerine yaz,Skriva över,Prepísať
MainMenu.Editor.OverwriteConfirmation.CreateNew,Create New,新建,新建,Neu erstellen,Crear nuevo,Créer nouveau,Új létrehozása,新規作成,새로 만들기,Создать новый,Criar novo,Створити новий,Crea nuovo,สร้างใหม่,Yeni Oluştur,Skapa nytt,Vytvoriť nový
MainMenu.Editor.UnsavedChangeConfirmation,"{0} ""{1}"" has unsaved changes. Apply before continuing?",{0}“{1}”有未保存的更改。在继续之前应用更改？,{0}「{1}」有未儲存的變更。在繼續之前應用變更？,"{0} „{1}“ hat nicht gespeicherte Änderungen. Bewerben Sie sich, bevor Sie fortfahren?","{0} ""{1}"" tiene cambios sin guardar. ¿Aplicar antes de continuar?","{0} ""{1}"" comporte des modifications non enregistrées. Postuler avant de continuer ?","{0} ""{1}"" nem mentett módosításokat tartalmaz. Jelentkezni a folytatás előtt?",{0}「{1}」には未保存の変更があります。続行する前に申請しますか?,"{0} ""{1}""에 저장되지 않은 변경사항이 있습니다. 계속하기 전에 신청하시겠습니까?","{0} ""{1}"" содержит несохраненные изменения. Подать заявку, прежде чем продолжить?","{0} ""{1}"" tem alterações não salvas. Aplicar antes de continuar?","{0} ""{1}"" має незбережені зміни. Застосувати, перш ніж продовжити?","{0} ""{1}"" presenta modifiche non salvate. Applicare prima di continuare?","{0} ""{1}"" มีการเปลี่ยนแปลงที่ยังไม่ได้บันทึก สมัครก่อนดำเนินการต่อ?","{0} ""{1}"" kaydedilmemiş değişiklikler içeriyor. Devam etmeden önce başvurulsun mu?","{0} ""{1}"" har osparade ändringar. Ansök innan du fortsätter?",{0} „{1}“ obsahuje neuložené zmeny. Požiadať pred pokračovaním?
MainMenu.Editor.UnsavedChangeConfirmation.Apply,Apply,应用,應用,Anwenden,Aplicar,Appliquer,Alkalmazni,適用する,적용하다,Применять,Aplicar,Застосувати,Fare domanda a,นำมาใช้,Uygula,Tillämpas,Použiť
MainMenu.Editor.UnsavedChangeConfirmation.Discard,Discard,丢弃,丟棄,Verwerfen,Desechar,Jeter,Eldobni,破棄,버리다,Отказаться,Descartar,Відкинути,Scartare,ทิ้ง,At,Kassera,Zahodiť
MainMenu.Editor.UnsavedNewConfirmation,This {0} has not been saved. Save before continuing?,此{0}尚未保存。在继续之前保存吗？,此 {0} 尚未儲存。繼續之前儲存嗎？,Dieses {0} wurde nicht gespeichert. Vor dem Fortfahren speichern?,Este {0} no se ha guardado. ¿Guardar antes de continuar?,Ce {0} n'a pas été enregistré. Enregistrer avant de continuer ?,Ez a(z) {0} nincs elmentve. Menti a folytatás előtt?,この {0} は保存されていません。続行する前に保存しますか?,이 {0}은(는) 저장되지 않았습니다. 계속하기 전에 저장하시겠습니까?,"Этот {0} не был сохранен. Сохранить, прежде чем продолжить?",Este {0} não foi salvo. Salvar antes de continuar?,Цей {0} не збережено. Зберегти перед продовженням?,Questo {0} non è stato salvato. Salvare prima di continuare?,{0} นี้ไม่ได้รับการบันทึก บันทึกก่อนดำเนินการต่อไหม,Bu {0} kaydedilmedi. Devam etmeden önce kaydedilsin mi?,Denna {0} har inte sparats. Spara innan du fortsätter?,Toto {0} nebolo uložené. Uložiť pred pokračovaním?
MainMenu.Editor.UnsavedNewConfirmation.Save,Save,保存,儲存,Speichern,Ahorrar,Sauvegarder,Megtakarítás,保存,구하다,Сохранять,Salvar,зберегти,Salva,บันทึก,Kaydetmek,Spara,Uložiť
MainMenu.Editor.Layers,Layers,图层,層數,Schichten,capas,Calques,Rétegek,レイヤー,레이어,Слои,Camadas,Шари,Strati,เลเยอร์,Katmanlar,Lager,Vrstvy
MainMenu.Editor.LayerProperties,Properties,属性,特性,Eigenschaften,Propiedades,Propriétés,Tulajdonságok,プロパティ,속성,Характеристики,Propriedades,Властивості,Proprietà,คุณสมบัติ,Özellikler,Egenskaper,Vlastnosti
MainMenu.Editor.ModelProperties,Model Properties,模型属性,模型屬性,Modelleigenschaften,Propiedades del modelo,Propriétés du modèle,Modell tulajdonságai,モデルのプロパティ,모델 속성,Свойства модели,Propriedades do modelo,Властивості моделі,Proprietà del modello,คุณสมบัติของโมเดล,Model Özellikleri,Modellegenskaper,Vlastnosti modelu
MainMenu.Editor.TextProperty.Text,Text,文本,文字,Text,Texto,Texte,Szöveg,文章,텍스트,Текст,Texto,текст,Testo,ข้อความ,Metin,Text,Text
MainMenu.Editor.TextProperty.Font,Font,字体,字體,Schriftart,Fuente,Fonte,Betűtípus,フォント,세례반,Шрифт,Fonte,Шрифт,Font,แบบอักษร,Yazı tipi,Font,Písmo
MainMenu.Editor.TextProperty.Size,Size,尺寸,尺寸,Größe,Tamaño,Taille,Méret,サイズ,크기,Размер,Tamanho,Розмір,Misurare,ขนาด,Boyut,Storlek,Veľkosť
MainMenu.Editor.TextProperty.PositionX,Position X,位置 X,位置 X,Position X,Posición X,Poste X,X pozíció,位置X,위치 X,Позиция X,Posição X,Позиція X,Posizione X,ตำแหน่ง X,Konum X,Position X,Pozícia X
MainMenu.Editor.TextProperty.PositionY,Position Y,位置 Y,位置 Y,Position Y,Posición Y,Poste Y,Y pozíció,位置Y,위치 Y,Позиция Y,Posição Y,Позиція Y,Posizione Y,ตำแหน่ง Y,Y Konumu,Position Y,Pozícia Y
MainMenu.Editor.TextProperty.Rotation,Rotation,旋转,旋轉,Drehung,Rotación,Rotation,Forgás,回転,회전,Вращение,Rotação,Обертання,Rotazione,การหมุน,Döndürme,Rotation,Rotácia
MainMenu.Editor.TextProperty.CharacterSpacing,Character Spacing,字符间距,字元間距,Zeichenabstand,Espaciado de caracteres,Espacement des caractères,Karaktertávolság,文字間隔,문자 간격,Расстояние между символами,Espaçamento de caracteres,Інтервал між символами,Spaziatura caratteri,การเว้นวรรคอักขระ,Karakter Aralığı,Teckenavstånd,Rozstup znakov
MainMenu.Editor.TextProperty.LineSpacing,Line Spacing,行距,行距,Zeilenabstand,Interlineado,Espacement des lignes,Sorköz,行間,줄 간격,Межстрочный интервал,Espaçamento entre linhas,Міжрядковий інтервал,Interlinea,ระยะห่างระหว่างบรรทัด,Satır Aralığı,Linjeavstånd,Riadkovanie
MainMenu.Editor.TextProperty.Outline,Outline,边缘线,大綱,Gliederung,Describir,Contour,Vázlat,概要,개요,Контур,Contorno,Контур,Contorno,โครงร่าง,Taslak,Skissera,Obrys
MainMenu.Editor.TextProperty.OutlineThickness,Thickness,粗细,厚度,Dicke,Espesor,Épaisseur,Vastagság,厚さ,두께,Толщина,Grossura,Товщина,Spessore,ความหนา,Kalınlık,Tjocklek,Hrúbka
MainMenu.Editor.TextProperty.Underlay,Underlay,阴影,底層,Unterlage,Subyacer,Thibaude,Alátét,下敷き,밑받침,Подложка,Subcamada,Підкладка,Sottofondo,รองพื้น,Altlık,Underlag,Podklad
MainMenu.Editor.TextProperty.UnderlayDilate,Dilate,扩张,擴張,Erweitern,Dilatar,Dilater,Tágul,拡張する,넓히다,Расширить,Dilatar,Розширити,Dilatare,ขยาย,Genişlet,Utvidga,Dilatovať
MainMenu.Editor.TextProperty.UnderlayOffsetX,Offset X,偏移 X,偏移 X,Versatz X,Desplazamiento X,Décalage X,X eltolás,オフセット X,오프셋 X,Смещение X,Deslocamento X,Зсув X,Scostamento X,ออฟเซ็ต X,Ofset X,Offset X,Posun X
MainMenu.Editor.TextProperty.UnderlayOffsetY,Offset Y,偏移 Y,偏移 Y,Y-Versatz,Compensación Y,Décalage Y,Eltolás Y,オフセットY,오프셋 Y,Смещение Y,Deslocamento Y,Зсув Y,Scostamento Y,ออฟเซ็ต Y,Ofset Y,Offset Y,Odsadenie Y
MainMenu.Editor.LayerType.Model,Model,模型,模型,Modell,Modelo,Modèle,Modell,モデル,모델,Модель,Modelo,Модель,Modello,แบบอย่าง,Modeli,Modell,Model
MainMenu.Editor.LayerType.Image,Image,图像,影像,Bild,Imagen,Image,Kép,画像,영상,Изображение,Imagem,Зображення,Immagine,ภาพ,Resim,Bild,Obrázok
MainMenu.Editor.LayerType.Text,Text,文本,文字,Text,Texto,Texte,Szöveg,文章,텍스트,Текст,Texto,текст,Testo,ข้อความ,Metin,Text,Text
MainMenu.Editor.Playback,Playback,播放,回放,Wiedergabe,Reproducción,Lecture,Lejátszás,再生,재생,Воспроизведение,Reprodução,Відтворення,Riproduzione,การเล่น,Playback,Uppspelning,Prehrávanie
MainMenu.Editor.SceneList,Scene List,场景列表,場景列表,Szenenliste,Lista de escenas,Liste des scènes,Jelenetek listája,シーンリスト,장면 목록,Список сцен,Lista de cenas,Список сцен,Elenco delle scene,รายการฉาก,Sahne Listesi,Scenlista,Zoznam scén
MainMenu.Editor.Scenes,Scenes,场景,場景,Szenen,Escenas,Scènes,Jelenetek,シーン,장면,Сцены,Cenas,Сцени,Scene,ฉาก,Sahneler,Scener,Scény
MainMenu.Editor.ExportAllScenes,Export All Scenes,导出所有场景,匯出所有場景,Alle Szenen exportieren,Exportar todas las escenas,Exporter toutes les scènes,Minden jelenet exportálása,すべてのシーンをエクスポート,모든 장면 내보내기,Экспортировать все сцены,Exportar todas as cenas,Експортувати всі сцени,Esporta tutte le scene,ส่งออกฉากทั้งหมด,Tüm Sahneleri Dışa Aktar,Exportera alla scener,Exportovať všetky scény
MainMenu.Editor.SceneListExport.Title,Exporting scene list,导出场景列表,匯出場景列表,Szenenliste exportieren,Exportar lista de escenas,Exportation de la liste des scènes,Jelenetlista exportálása,シーンリストをエクスポートする,장면 목록 내보내기,Экспорт списка сцен,Exportando lista de cenas,Експорт списку сцен,Esportazione dell'elenco delle scene,กำลังส่งออกรายการฉาก,Sahne listesini dışa aktarma,Exporterar scenlista,Export zoznamu scén
MainMenu.Editor.SceneListExport.Preparing,Preparing export...,正在准备导出...,正在準備匯出...,Export wird vorbereitet...,Preparando exportación...,Préparation de l'exportation...,Exportálás előkészítése...,エクスポートを準備しています...,내보내기 준비 중...,Подготовка экспорта...,Preparando exportação...,Підготовка експорту...,Preparazione dell'esportazione...,กำลังเตรียมการส่งออก...,Dışa aktarım hazırlanıyor...,Förbereder export...,Pripravuje sa export...
MainMenu.Editor.SceneListExport.Progress,Exporting {0}/{1}: {2},导出 {0}/{1}：{2},導出 {0}/{1}：{2},Exportieren von {0}/{1}: {2},Exportando {0}/{1}: {2},Exportation de {0}/{1} : {2},Exportálás: {0}/{1}: {2},{0}/{1} をエクスポートしています: {2},{0}/{1} 내보내기: {2},Экспорт {0}/{1}: {2},Exportando {0}/{1}: {2},Експорт {0}/{1}: {2},Esportazione {0}/{1}: {2},กำลังส่งออก {0}/{1}: {2},{0}/{1} dışa aktarılıyor: {2},Exporterar {0}/{1}: {2},Exportuje sa {0}/{1}: {2}
MainMenu.Editor.SceneListExport.Failed,Export failed,导出失败,匯出失敗,Der Export ist fehlgeschlagen,Exportación fallida,Échec de l'exportation,Nem sikerült exportálni,エクスポートに失敗しました,내보내기 실패,Экспорт не удался,Falha na exportação,Помилка експорту,Esportazione non riuscita,การส่งออกล้มเหลว,Dışa aktarma başarısız oldu,Exporten misslyckades,Export zlyhal
MainMenu.Editor.SceneListExport.Finished,Export finished,导出完成,匯出完成,Export abgeschlossen,Exportación finalizada,Exportation terminée,Az exportálás befejeződött,エクスポートが完了しました,수출 완료,Экспорт завершен,Exportação concluída,Експорт завершено,Esportazione terminata,ส่งออกเสร็จแล้ว,Dışa aktarma tamamlandı,Exporten avslutad,Export dokončený
MainMenu.Editor.SceneListExport.Cancelled,Export cancelled,导出取消,出口取消,Export abgebrochen,Exportación cancelada,Exportation annulée,Exportálás megszakítva,エクスポートがキャンセルされました,내보내기가 취소되었습니다.,Экспорт отменен,Exportação cancelada,Експорт скасовано,Esportazione annullata,ยกเลิกการส่งออกแล้ว,Dışa aktarma iptal edildi,Exporten avbröts,Export bol zrušený
MainMenu.Editor.SceneListExport.Complete,Export complete,导出完成,匯出完成,Export abgeschlossen,Exportación completa,Exportation terminée,Az exportálás befejeződött,エクスポートが完了しました,내보내기 완료,Экспорт завершен,Exportação concluída,Експорт завершено,Esportazione completata,ส่งออกเสร็จสมบูรณ์,Dışa aktarma tamamlandı,Exporten klar,Export dokončený
MainMenu.Editor.SceneListExport.CompleteExclamation,Export complete!,导出完成！,匯出完成！,Export abgeschlossen!,¡Exportación completa!,Exportation terminée !,Az exportálás befejeződött!,エクスポートが完了しました！,내보내기 완료!,Экспорт завершен!,Exportação concluída!,Експорт завершено!,Esportazione completata!,ส่งออกเสร็จแล้ว!,Dışa aktarma tamamlandı!,Exporten klar!,Export dokončený!
MainMenu.Editor.SceneListExport.CancelledSummary,"Export cancelled ({0}/{1} exported, {2} failed).",导出已取消（已导出 {0}/{1}，{2} 失败）。,匯出已取消（已匯出 {0}/{1}，{2} 失敗）。,"Export abgebrochen ({0}/{1} exportiert, {2} fehlgeschlagen).","Exportación cancelada ({0}/{1} exportada, {2} fallida).","Exportation annulée ({0}/{1} exportés, {2} a échoué).","Exportálás megszakítva ({0}/{1} exportálva, {2} sikertelen).",エクスポートがキャンセルされました ({0}/{1} がエクスポートされました、{2} が失敗しました)。,"내보내기가 취소되었습니다({0}/{1} 내보내기, {2} 실패).","Экспорт отменен (экспортировано: {0}/{1}, {2} не удалось).","Exportação cancelada ({0}/{1} exportada, {2} falhou).","Експорт скасовано ({0}/{1} експортовано, {2} не вдалося).","Esportazione annullata ({0}/{1} esportata, {2} non riuscita).","การส่งออกถูกยกเลิก (ส่งออกแล้ว {0}/{1}, {2} ล้มเหลว)","Dışa aktarma iptal edildi ({0}/{1} dışa aktarıldı, {2} başarısız oldu).","Exporten avbröts ({0}/{1} exporterade, {2} misslyckades).","Export bol zrušený (exportované: {0}/{1}, zlyhalo: {2})."
MainMenu.Editor.SceneListExport.CancelledWithFailures,"Export complete ({0}/{1} exported, {2} failed).",导出完成（已导出 {0}/{1}，{2} 失败）。,匯出完成（已匯出 {0}/{1}，{2} 失敗）。,"Export abgeschlossen ({0}/{1} exportiert, {2} fehlgeschlagen).","Exportación completa ({0}/{1} exportada, {2} falló).","Exportation terminée ({0}/{1} exportés, {2} a échoué).","Az exportálás befejeződött ({0}/{1} exportálva, {2} sikertelen).",エクスポートが完了しました ({0}/{1} がエクスポートされました、{2} が失敗しました)。,"내보내기가 완료되었습니다({0}/{1} 내보내기, {2} 실패).","Экспорт завершен (экспортировано: {0}/{1}, {2} не удалось).","Exportação concluída ({0}/{1} exportada, {2} falhou).","Експорт завершено ({0}/{1} експортовано, {2} не вдалося).","Esportazione completata ({0}/{1} esportata, {2} non riuscita).","การส่งออกเสร็จสมบูรณ์ (ส่งออกแล้ว {0}/{1}, {2} ล้มเหลว)","Dışa aktarma tamamlandı ({0}/{1} dışa aktarıldı, {2} başarısız oldu).","Exporten slutförd ({0}/{1} exporterad, {2} misslyckades).","Export je dokončený (exportované: {0}/{1}, zlyhalo: {2})."
MainMenu.Editor.SceneListExport.CompleteWithFailures,"Export complete ({0}/{1} exported, {2} failed).",导出完成（已导出 {0}/{1}，{2} 失败）。,匯出完成（已匯出 {0}/{1}，{2} 失敗）。,"Export abgeschlossen ({0}/{1} exportiert, {2} fehlgeschlagen).","Exportación completa ({0}/{1} exportada, {2} falló).","Exportation terminée ({0}/{1} exportés, {2} a échoué).","Az exportálás befejeződött ({0}/{1} exportálva, {2} sikertelen).",エクスポートが完了しました ({0}/{1} がエクスポートされました、{2} が失敗しました)。,"내보내기가 완료되었습니다({0}/{1} 내보내기, {2} 실패).","Экспорт завершен (экспортировано: {0}/{1}, {2} не удалось).","Exportação concluída ({0}/{1} exportada, {2} falhou).","Експорт завершено ({0}/{1} експортовано, {2} не вдалося).","Esportazione completata ({0}/{1} esportata, {2} non riuscita).","การส่งออกเสร็จสมบูรณ์ (ส่งออกแล้ว {0}/{1}, {2} ล้มเหลว)","Dışa aktarma tamamlandı ({0}/{1} dışa aktarıldı, {2} başarısız oldu).","Exporten slutförd ({0}/{1} exporterad, {2} misslyckades).","Export je dokončený (exportované: {0}/{1}, zlyhalo: {2})."
MainMenu.Editor.SceneListExport.ErrorMessage,Error: {0},错误：{0},錯誤：{0},Fehler: {0},Error: {0},Erreur : {0},Hiba: {0},エラー: {0},오류: {0},Ошибка: {0},Erro: {0},Помилка: {0},Errore: {0},ข้อผิดพลาด: {0},Hata: {0},Fel: {0},Chyba: {0}
MainMenu.Editor.OpenExportLocation,Open Export Location,打开导出位置,打開匯出位置,Öffnen Sie den Exportspeicherort,Abrir ubicación de exportación,Ouvrir l'emplacement d'exportation,Nyissa meg az Exportálási hely lehetőséget,エクスポート場所を開く,내보내기 위치 열기,Открыть папку экспорта,Abrir local de exportação,Відкрийте розташування експорту,Apri posizione di esportazione,เปิดสถานที่ส่งออก,Dışa Aktarma Konumunu Aç,Öppna Exportplats,Otvorte miesto exportu
MainMenu.Editor.CameraProperties,Camera Properties,相机属性,相機屬性,Kameraeigenschaften,Propiedades de la cámara,Propriétés de la caméra,Kamera tulajdonságai,カメラのプロパティ,카메라 속성,Свойства камеры,Propriedades da câmera,Властивості камери,Proprietà della fotocamera,คุณสมบัติกล้อง,Kamera Özellikleri,Kameraegenskaper,Vlastnosti fotoaparátu
MainMenu.Editor.CameraProperty.PositionX,Position X,位置 X,位置 X,Position X,Posición X,Poste X,X pozíció,位置X,위치 X,Позиция X,Posição X,Позиція X,Posizione X,ตำแหน่ง X,Konum X,Position X,Pozícia X
MainMenu.Editor.CameraProperty.PositionY,Position Y,位置 Y,位置 Y,Position Y,Posición Y,Poste Y,Y pozíció,位置Y,위치 Y,Позиция Y,Posição Y,Позиція Y,Posizione Y,ตำแหน่ง Y,Y Konumu,Position Y,Pozícia Y
MainMenu.Editor.CameraProperty.Size,Size,尺寸,尺寸,Größe,Tamaño,Taille,Méret,サイズ,크기,Размер,Tamanho,Розмір,Misurare,ขนาด,Boyut,Storlek,Veľkosť
MainMenu.Editor.CameraProperty.Rotation,Rotation,旋转,旋轉,Drehung,Rotación,Rotation,Forgás,回転,회전,Вращение,Rotação,Обертання,Rotazione,การหมุน,Döndürme,Rotation,Rotácia
MainMenu.Editor.ModelProperty.Mirror,Mirror,镜像,鏡子,Spiegel,Espejo,Miroir,Tükör,鏡,거울,Зеркало,Espelho,Дзеркало,Specchio,กระจกเงา,Ayna,Spegel,Zrkadlo
MainMenu.Editor.ModelProperty.Outline,Outline,边缘线,大綱,Gliederung,Describir,Contour,Vázlat,概要,개요,Контур,Contorno,Контур,Contorno,โครงร่าง,Taslak,Skissera,Obrys
MainMenu.Editor.ModelProperty.OutlineThickness,Thickness,粗细,厚度,Dicke,Espesor,Épaisseur,Vastagság,厚さ,두께,Толщина,Grossura,Товщина,Spessore,ความหนา,Kalınlık,Tjocklek,Hrúbka
MainMenu.Settings.ExportSettings.Quality,Quality,质量,品質,Qualität,Calidad,Qualité,Minőség,品質,품질,Качество,Qualidade,якість,Qualità,Quality,Kalite,Kvalitet,Kvalita
MainMenu.Settings.ExportSettings.LoopCount,Loop Count,循环次数,循環計數,Schleifenanzahl,Conteo de bucles,Nombre de boucles,Loop Count,ループ数,루프 수,Количество циклов,Contagem de loops,Підрахунок циклу,Conteggio dei cicli,จำนวนลูป,Döngü Sayısı,Loop Count,Počet slučiek
MainMenu.Settings.ExportSettings.Lossless,Lossless,无损,無損,Verlustfrei,Sin pérdidas,Sans perte,Veszteségmentes,ロスレス,무손실,без потерь,Sem perdas,Без втрат,Senza perdite,ไม่มีการสูญเสีย,Kayıpsız,Förlustfri,Bezstratový
MainMenu.Settings.ExportSettings.WebPQualityInfo,"With Lossless on, higher quality means a smaller file and slower encode. Looks stay the same. With Lossless off, higher quality means better looks and a larger file.",启用无损后，更高的质量意味着更小的文件和更慢的编码，但视觉效果保持不变。关闭无损后，更高的质量意味着更好的效果和更大的文件。,啟用無損後，更高的品質意味著更小的檔案和更慢的編碼。看起來還是一樣。關閉無損後，更高的品質意味著更好的外觀和更大的文件。,"Wenn „Lossless“ aktiviert ist, bedeutet eine höhere Qualität eine kleinere Datei und eine langsamere Kodierung. Das Aussehen bleibt gleich. Wenn „Lossless“ deaktiviert ist, bedeutet eine höhere Qualität ein besseres Aussehen und eine größere Datei.","Con Lossless activado, una mayor calidad significa un archivo más pequeño y una codificación más lenta. Parece seguir igual. Con Lossless desactivado, una mayor calidad significa una mejor apariencia y un archivo más grande.","Avec Lossless activé, une qualité supérieure signifie un fichier plus petit et un encodage plus lent. L'apparence reste la même. Lorsque Lossless est désactivé, une qualité supérieure signifie une meilleure apparence et un fichier plus volumineux.","Ha a veszteségmentes funkció be van kapcsolva, a jobb minőség kisebb fájlt és lassabb kódolást jelent. A kinézet ugyanaz marad. A veszteségmentes kikapcsolással a magasabb minőség jobb megjelenést és nagyobb fájlt jelent.",ロスレスをオンにすると、品質が高くなるとファイルが小さくなり、エンコードが遅くなります。見た目は変わりません。ロスレスをオフにすると、品質が高くなると見た目も良くなり、ファイルが大きくなります。,무손실을 켜면 품질이 높아질수록 파일 크기가 작아지고 인코딩 속도가 느려집니다. 그대로 유지되는 것 같습니다. 무손실을 끄면 품질이 높아질수록 모양이 좋아지고 파일 크기가 커집니다.,"При включенном режиме Lossless более высокое качество означает меньший размер файла и более медленное кодирование. Внешний вид остается прежним. Если функция Lossless отключена, более высокое качество означает лучший внешний вид и больший размер файла.","Com Lossless ativado, maior qualidade significa um arquivo menor e uma codificação mais lenta. A aparência permanece a mesma. Com Lossless desativado, maior qualidade significa melhor aparência e um arquivo maior.","Якщо ввімкнути Lossless, вища якість означає менший файл і повільніше кодування. Зовнішність залишається незмінною. Якщо Lossless вимкнено, вища якість означає кращий вигляд і більший файл.","With Lossless on, higher quality means a smaller file and slower encode. Looks stay the same. With Lossless off, higher quality means better looks and a larger file.",เมื่อเปิด Lossless คุณภาพสูงขึ้นหมายถึงไฟล์เล็กลงและเข้ารหัสช้าลง หน้าตาก็เหมือนเดิม เมื่อปิด Lossless คุณภาพที่สูงขึ้นหมายถึงรูปลักษณ์ที่ดีขึ้นและไฟล์ที่ใหญ่ขึ้น,"Kayıpsız açıkken daha yüksek kalite, daha küçük dosya ve daha yavaş kodlama anlamına gelir. Görünüm aynı kalıyor. Kayıpsız kapalıyken daha yüksek kalite, daha iyi görünüm ve daha büyük dosya anlamına gelir.","Med Lossless på betyder högre kvalitet en mindre fil och långsammare kodning. Utseendet förblir detsamma. Med Lossless av, betyder högre kvalitet bättre utseende och en större fil.","With Lossless on, higher quality means a smaller file and slower encode. Looks stay the same. With Lossless off, higher quality means better looks and a larger file."
MainMenu.Settings.ExportSettings.WebPLoopCountInfo,How many times the animation repeats. 0 = loop forever.,动画重复次数。 0 = 永远循环,動畫重複多少次。 0 = 永遠循環。,Wie oft wird die Animation wiederholt? 0 = Schleife für immer.,Cuantas veces se repite la animación. 0 = bucle para siempre.,Combien de fois l'animation se répète. 0 = boucle pour toujours.,Hányszor ismétlődik az animáció. 0 = ciklus örökre.,アニメーションが繰り返される回数。 0 = 永久ループ。,애니메이션이 반복되는 횟수입니다. 0 = 영원히 반복됩니다.,Сколько раз повторяется анимация. 0 = цикл навсегда.,Quantas vezes a animação se repete. 0 = loop para sempre.,Скільки разів повторюється анімація. 0 = цикл назавжди.,Quante volte si ripete l'animazione. 0 = ciclo per sempre.,ภาพเคลื่อนไหวจะเล่นซ้ำกี่ครั้ง 0 = วนซ้ำตลอดไป,Animasyonun kaç kez tekrarlandığı. 0 = sonsuza kadar döngü.,Hur många gånger animeringen upprepas. 0 = slinga för alltid.,Koľkokrát sa animácia opakuje. 0 = slučka navždy.
MainMenu.Settings.ExportSettings.WebmInfo,"VP9, BT.709, Full Range color",,,,,,,,,,,,,,,,,
MainMenu.Settings.ExportSettings.WebmCQLevel,CQ Level,,,,,,,,,,,,,,,,,
MainMenu.Settings.ExportSettings.WebmCQLevelInfo,"lower CQ Level means bigger file, better quality; higher CQ Level means more compression, smaller file, worse quality",,,,,,,,,,,,,,,,,
MainMenu.Settings.ExportSettings.WebmSpeed,Speed,,,,,,,,,,,,,,,,,
MainMenu.Settings.ExportSettings.WebmSpeedInfo,"Lower speed means slower encode, better quality and usually smaller file",,,,,,,,,,,,,,,,,
MainMenu.Workshop.ItemType.All,All Types,,,,,,,,,,,,,,,,,
MainMenu.Workshop.ItemType.Model,Model,,,,,,,,,,,,,,,,,
MainMenu.Workshop.ItemType.Character,Character,,,,,,,,,,,,,,,,,
MainMenu.Workshop.ItemType.Unknown,Unknown,,,,,,,,,,,,,,,,,
MainMenu.Workshop.Tab.Browse,Browse,,,,,,,,,,,,,,,,,
MainMenu.Workshop.Tab.Subscribed,Subscribed,,,,,,,,,,,,,,,,,
MainMenu.Workshop.Tab.Published,Published,,,,,,,,,,,,,,,,,
MainMenu.Workshop.Badge.Subscribed,Subscribed,,,,,,,,,,,,,,,,,
MainMenu.Workshop.Author.Loading,Loading...,,,,,,,,,,,,,,,,,
MainMenu.Workshop.Author.Unknown,Unknown,,,,,,,,,,,,,,,,,
MainMenu.Workshop.Pager.FirstPage,First page,,,,,,,,,,,,,,,,,
MainMenu.Workshop.Pager.PreviousPage,Previous page,,,,,,,,,,,,,,,,,
MainMenu.Workshop.Pager.NextPage,Next page,,,,,,,,,,,,,,,,,
MainMenu.Workshop.Pager.LastPage,Last page,,,,,,,,,,,,,,,,,
MainMenu.Workshop.Pager.Summary,"Page {0} of {1} ({2} items)",,,,,,,,,,,,,,,,,
MainMenu.Workshop.Status.Loading,Loading Workshop items...,,,,,,,,,,,,,,,,,
MainMenu.Workshop.Status.SteamNotRunning,Steam is not running. Start EmoteLab through Steam to browse the Workshop.,,,,,,,,,,,,,,,,,
MainMenu.Workshop.Status.CouldNotLoad,Could not load Workshop items.,,,,,,,,,,,,,,,,,
MainMenu.Workshop.Status.NoMoreResults,No more results are available from Steam.,,,,,,,,,,,,,,,,,
MainMenu.Workshop.Status.NoMatches,No Workshop items matched your search.,,,,,,,,,,,,,,,,,
MainMenu.Workshop.Status.NotSubscribedToAny,You are not subscribed to any matching Workshop items.,,,,,,,,,,,,,,,,,
MainMenu.Workshop.Status.NotPublishedAny,You have not published any matching Workshop items.,,,,,,,,,,,,,,,,,
MainMenu.Workshop.Status.QueryAlreadyRunning,Another Workshop query is already running.,,,,,,,,,,,,,,,,,
MainMenu.Workshop.Status.QueryRefused,Steam refused the Workshop query request.,,,,,,,,,,,,,,,,,
MainMenu.Workshop.Status.QueryFailed,"Workshop query failed: {0}",,,,,,,,,,,,,,,,,
MainMenu.Workshop.ItemPopup.Header,Workshop Item,,,,,,,,,,,,,,,,,
MainMenu.Workshop.ItemPopup.Author,Author,,,,,,,,,,,,,,,,,
MainMenu.Workshop.ItemPopup.Type,Type,,,,,,,,,,,,,,,,,
MainMenu.Workshop.ItemPopup.Size,Size,,,,,,,,,,,,,,,,,
MainMenu.Workshop.ItemPopup.Posted,Posted,,,,,,,,,,,,,,,,,
MainMenu.Workshop.ItemPopup.Updated,Updated,,,,,,,,,,,,,,,,,
MainMenu.Workshop.ItemPopup.NotEnoughRatings,Not enough ratings,,,,,,,,,,,,,,,,,
MainMenu.Workshop.ItemPopup.Subscribe,Subscribe,,,,,,,,,,,,,,,,,
MainMenu.Workshop.ItemPopup.Unsubscribe,Unsubscribe,,,,,,,,,,,,,,,,,
MainMenu.Workshop.ItemPopup.OpenInBrowser,Open in Browser,,,,,,,,,,,,,,,,,
MainMenu.Workshop.ItemPopup.Close,Close,,,,,,,,,,,,,,,,,
MainMenu.Workshop.ItemPopup.Status.SubmittingRating,Submitting rating...,,,,,,,,,,,,,,,,,
MainMenu.Workshop.ItemPopup.Status.RateFailed,Failed to rate this item.,,,,,,,,,,,,,,,,,
MainMenu.Workshop.ItemPopup.Status.RatingSubmitted,Rating submitted.,,,,,,,,,,,,,,,,,
MainMenu.Workshop.ItemPopup.Status.Subscribing,Subscribing...,,,,,,,,,,,,,,,,,
MainMenu.Workshop.ItemPopup.Status.Unsubscribing,Unsubscribing...,,,,,,,,,,,,,,,,,
MainMenu.Workshop.ItemPopup.Status.SubscribeFailed,Failed to subscribe to this item.,,,,,,,,,,,,,,,,,
MainMenu.Workshop.ItemPopup.Status.UnsubscribeFailed,Failed to unsubscribe from this item.,,,,,,,,,,,,,,,,,
MainMenu.Workshop.ItemPopup.Status.Subscribed,Subscribed.,,,,,,,,,,,,,,,,,
MainMenu.Workshop.ItemPopup.Status.Unsubscribed,Unsubscribed. The item will be removed by Steam.,,,,,,,,,,,,,,,,,